"Election Name","County Name","Office Name","District Name","Party Name","Candidate Name","Votes","Yes Votes","No Votes","Election Day Votes","ElectionDay Yes Votes","Election Day No Votes","Mail Votes","Mail Yes Votes","Mail No Votes","Provisional Votes","Provisional Yes Votes","Provisional No Votes"
"2024 Presidential Election","ADAMS","President of the United States","Statewide","Democratic","KAMALA D HARRIS","19,842","0","0","10,843","0","0","8,888","0","0","111","0","0"
"2024 Presidential Election","ADAMS","President of the United States","Statewide","Republican","DONALD J TRUMP","40,248","0","0","30,642","0","0","9,460","0","0","146","0","0"
"2024 Presidential Election","ADAMS","President of the United States","Statewide","Libertarian","CHASE OLIVER","342","0","0","238","0","0","102","0","0","2","0","0"
"2024 Presidential Election","ADAMS","President of the United States","Statewide","Green Party","JILL STEIN","218","0","0","140","0","0","76","0","0","2","0","0"
"2024 Presidential Election","ADAMS","United States Senator","Statewide","Democratic","ROBERT P CASEY JR","19,947","0","0","11,083","0","0","8,761","0","0","103","0","0"
"2024 Presidential Election","ADAMS","United States Senator","Statewide","Republican","DAVE MCCORMICK","38,505","0","0","29,162","0","0","9,207","0","0","136","0","0"
"2024 Presidential Election","ADAMS","United States Senator","Statewide","Libertarian","JOHN C THOMAS","1,031","0","0","767","0","0","258","0","0","6","0","0"
"2024 Presidential Election","ADAMS","United States Senator","Statewide","Green Party","LEILA HAZOU","479","0","0","325","0","0","149","0","0","5","0","0"
"2024 Presidential Election","ADAMS","United States Senator","Statewide","Constitution Party","MARTY SELKER","314","0","0","223","0","0","88","0","0","3","0","0"
"2024 Presidential Election","ADAMS","Attorney General","Statewide","Democratic","EUGENE DEPASQUALE","18,439","0","0","10,160","0","0","8,187","0","0","92","0","0"
"2024 Presidential Election","ADAMS","Attorney General","Statewide","Republican","DAVE SUNDAY","39,713","0","0","29,846","0","0","9,732","0","0","135","0","0"
"2024 Presidential Election","ADAMS","Attorney General","Statewide","Libertarian","ROBERT COWBURN","893","0","0","715","0","0","167","0","0","11","0","0"
"2024 Presidential Election","ADAMS","Attorney General","Statewide","Green Party","RICHARD L WEISS","422","0","0","303","0","0","113","0","0","6","0","0"
"2024 Presidential Election","ADAMS","Attorney General","Statewide","Constitution Party","JUSTIN L MAGILL","315","0","0","237","0","0","77","0","0","1","0","0"
"2024 Presidential Election","ADAMS","Attorney General","Statewide","Forward Party","ERIC L SETTLE","150","0","0","94","0","0","53","0","0","3","0","0"
"2024 Presidential Election","ADAMS","Auditor General","Statewide","Democratic","MALCOLM KENYATTA","17,482","0","0","9,449","0","0","7,938","0","0","95","0","0"
"2024 Presidential Election","ADAMS","Auditor General","Statewide","Republican","TIM DEFOOR","39,751","0","0","29,843","0","0","9,775","0","0","133","0","0"
"2024 Presidential Election","ADAMS","Auditor General","Statewide","Libertarian","REECE SMITH","1,300","0","0","1,010","0","0","278","0","0","12","0","0"
"2024 Presidential Election","ADAMS","Auditor General","Statewide","American Solidarity Party","ERIC K ANTON","171","0","0","146","0","0","23","0","0","2","0","0"
"2024 Presidential Election","ADAMS","Auditor General","Statewide","Constitution Party","BOB GOODRICH","642","0","0","505","0","0","134","0","0","3","0","0"
"2024 Presidential Election","ADAMS","State Treasurer","Statewide","Democratic","ERIN MCCLELLAND","17,175","0","0","9,191","0","0","7,885","0","0","99","0","0"
"2024 Presidential Election","ADAMS","State Treasurer","Statewide","Republican","STACY GARRITY","40,314","0","0","30,379","0","0","9,807","0","0","128","0","0"
"2024 Presidential Election","ADAMS","State Treasurer","Statewide","Libertarian","NICKOLAS CIESIELSKI","933","0","0","737","0","0","189","0","0","7","0","0"
"2024 Presidential Election","ADAMS","State Treasurer","Statewide","Constitution Party","TROY BOWMAN","465","0","0","355","0","0","105","0","0","5","0","0"
"2024 Presidential Election","ADAMS","State Treasurer","Statewide","Forward Party","CHRIS FOSTER","210","0","0","147","0","0","59","0","0","4","0","0"
"2024 Presidential Election","ADAMS","Representative in Congress","13th Congressional District","Democratic","BETH FARNHAM","18,815","0","0","10,297","0","0","8,412","0","0","106","0","0"
"2024 Presidential Election","ADAMS","Representative in Congress","13th Congressional District","Republican","JOHN JOYCE","40,997","0","0","30,927","0","0","9,929","0","0","141","0","0"
"2024 Presidential Election","ADAMS","Senator in the General Assembly","33rd Senatorial District","Democratic","CAMERON SCHROY","19,896","0","0","11,001","0","0","8,787","0","0","108","0","0"
"2024 Presidential Election","ADAMS","Senator in the General Assembly","33rd Senatorial District","Republican","DOUG MASTRIANO","39,597","0","0","30,100","0","0","9,356","0","0","141","0","0"
"2024 Presidential Election","ADAMS","Representative in the General Assembly","91st Legislative District","Republican","DAN MOUL","30,080","0","0","21,679","0","0","8,279","0","0","122","0","0"
"2024 Presidential Election","ADAMS","Representative in the General Assembly","193rd Legislative District","Republican","TORREN ECKER","17,931","0","0","13,388","0","0","4,477","0","0","66","0","0"
"2024 Presidential Election","ALLEGHENY","President of the United States","Statewide","Democratic","KAMALA D HARRIS","429,916","0","0","258,292","0","0","164,979","0","0","6,645","0","0"
"2024 Presidential Election","ALLEGHENY","President of the United States","Statewide","Republican","DONALD J TRUMP","283,595","0","0","220,707","0","0","59,740","0","0","3,148","0","0"
"2024 Presidential Election","ALLEGHENY","President of the United States","Statewide","Libertarian","CHASE OLIVER","3,302","0","0","2,399","0","0","856","0","0","47","0","0"
"2024 Presidential Election","ALLEGHENY","President of the United States","Statewide","Green Party","JILL STEIN","3,691","0","0","2,499","0","0","1,112","0","0","80","0","0"
"2024 Presidential Election","ALLEGHENY","United States Senator","Statewide","Democratic","ROBERT P CASEY JR","425,280","0","0","256,407","0","0","162,473","0","0","6,400","0","0"
"2024 Presidential Election","ALLEGHENY","United States Senator","Statewide","Republican","DAVE MCCORMICK","272,861","0","0","211,410","0","0","58,569","0","0","2,882","0","0"
"2024 Presidential Election","ALLEGHENY","United States Senator","Statewide","Libertarian","JOHN C THOMAS","8,409","0","0","6,548","0","0","1,701","0","0","160","0","0"
"2024 Presidential Election","ALLEGHENY","United States Senator","Statewide","Green Party","LEILA HAZOU","7,462","0","0","5,067","0","0","2,217","0","0","178","0","0"
"2024 Presidential Election","ALLEGHENY","United States Senator","Statewide","Constitution Party","MARTY SELKER","1,910","0","0","1,461","0","0","421","0","0","28","0","0"
"2024 Presidential Election","ALLEGHENY","Attorney General","Statewide","Democratic","EUGENE DEPASQUALE","414,666","0","0","252,104","0","0","156,305","0","0","6,257","0","0"
"2024 Presidential Election","ALLEGHENY","Attorney General","Statewide","Republican","DAVE SUNDAY","269,179","0","0","206,873","0","0","59,595","0","0","2,711","0","0"
"2024 Presidential Election","ALLEGHENY","Attorney General","Statewide","Libertarian","ROBERT COWBURN","8,985","0","0","7,220","0","0","1,579","0","0","186","0","0"
"2024 Presidential Election","ALLEGHENY","Attorney General","Statewide","Green Party","RICHARD L WEISS","7,955","0","0","5,662","0","0","2,099","0","0","194","0","0"
"2024 Presidential Election","ALLEGHENY","Attorney General","Statewide","Constitution Party","JUSTIN L MAGILL","2,927","0","0","2,324","0","0","535","0","0","68","0","0"
"2024 Presidential Election","ALLEGHENY","Attorney General","Statewide","Forward Party","ERIC L SETTLE","1,996","0","0","1,303","0","0","647","0","0","46","0","0"
"2024 Presidential Election","ALLEGHENY","Auditor General","Statewide","Democratic","MALCOLM KENYATTA","396,467","0","0","241,366","0","0","148,990","0","0","6,111","0","0"
"2024 Presidential Election","ALLEGHENY","Auditor General","Statewide","Republican","TIM DEFOOR","278,483","0","0","212,002","0","0","63,706","0","0","2,775","0","0"
"2024 Presidential Election","ALLEGHENY","Auditor General","Statewide","Libertarian","REECE SMITH","13,169","0","0","10,355","0","0","2,583","0","0","231","0","0"
"2024 Presidential Election","ALLEGHENY","Auditor General","Statewide","American Solidarity Party","ERIC K ANTON","2,269","0","0","1,747","0","0","460","0","0","62","0","0"
"2024 Presidential Election","ALLEGHENY","Auditor General","Statewide","Constitution Party","BOB GOODRICH","5,754","0","0","4,466","0","0","1,159","0","0","129","0","0"
"2024 Presidential Election","ALLEGHENY","State Treasurer","Statewide","Democratic","ERIN MCCLELLAND","395,886","0","0","239,005","0","0","150,809","0","0","6,072","0","0"
"2024 Presidential Election","ALLEGHENY","State Treasurer","Statewide","Republican","STACY GARRITY","284,446","0","0","218,448","0","0","63,091","0","0","2,907","0","0"
"2024 Presidential Election","ALLEGHENY","State Treasurer","Statewide","Libertarian","NICKOLAS CIESIELSKI","12,046","0","0","9,504","0","0","2,322","0","0","220","0","0"
"2024 Presidential Election","ALLEGHENY","State Treasurer","Statewide","Constitution Party","TROY BOWMAN","3,798","0","0","3,027","0","0","680","0","0","91","0","0"
"2024 Presidential Election","ALLEGHENY","State Treasurer","Statewide","Forward Party","CHRIS FOSTER","3,307","0","0","2,166","0","0","1,057","0","0","84","0","0"
"2024 Presidential Election","ALLEGHENY","Representative in Congress","12th Congressional District","Democratic","SUMMER LEE","211,948","0","0","132,486","0","0","75,726","0","0","3,736","0","0"
"2024 Presidential Election","ALLEGHENY","Representative in Congress","12th Congressional District","Republican","JAMES HAYES","135,159","0","0","103,628","0","0","30,071","0","0","1,460","0","0"
"2024 Presidential Election","ALLEGHENY","Representative in Congress","17th Congressional District","Democratic","CHRIS DELUZIO","202,423","0","0","119,694","0","0","80,469","0","0","2,260","0","0"
"2024 Presidential Election","ALLEGHENY","Representative in Congress","17th Congressional District","Republican","ROB MERCURI","154,022","0","0","117,794","0","0","34,888","0","0","1,340","0","0"
"2024 Presidential Election","ALLEGHENY","Senator in the General Assembly","37th Senatorial District","Democratic","NICOLE RUSCITTO","71,275","0","0","39,727","0","0","30,814","0","0","734","0","0"
"2024 Presidential Election","ALLEGHENY","Senator in the General Assembly","37th Senatorial District","Republican","DEVLIN ROBINSON","79,826","0","0","59,990","0","0","19,192","0","0","644","0","0"
"2024 Presidential Election","ALLEGHENY","Senator in the General Assembly","43rd Senatorial District","Democratic","JAY COSTA JR","116,722","0","0","75,884","0","0","38,871","0","0","1,967","0","0"
"2024 Presidential Election","ALLEGHENY","Senator in the General Assembly","45th Senatorial District","Democratic","NICK PISCIOTTANO","69,248","0","0","43,734","0","0","24,428","0","0","1,086","0","0"
"2024 Presidential Election","ALLEGHENY","Senator in the General Assembly","45th Senatorial District","Republican","JEN DINTINI","61,189","0","0","48,913","0","0","11,750","0","0","526","0","0"
"2024 Presidential Election","ALLEGHENY","Representative in the General Assembly","19th Legislative District","Democratic","AERION ANDREW ABNEY","22,645","0","0","15,253","0","0","6,942","0","0","450","0","0"
"2024 Presidential Election","ALLEGHENY","Representative in the General Assembly","20th Legislative District","Democratic","EMILY KINKEAD","21,322","0","0","13,173","0","0","7,925","0","0","224","0","0"
"2024 Presidential Election","ALLEGHENY","Representative in the General Assembly","20th Legislative District","Republican","MATT KRUTH","14,678","0","0","11,497","0","0","3,060","0","0","121","0","0"
"2024 Presidential Election","ALLEGHENY","Representative in the General Assembly","21st Legislative District","Democratic","LINDSAY POWELL","29,301","0","0","19,762","0","0","9,264","0","0","275","0","0"
"2024 Presidential Election","ALLEGHENY","Representative in the General Assembly","23rd Legislative District","Democratic","DAN FRANKEL","29,844","0","0","18,730","0","0","10,628","0","0","486","0","0"
"2024 Presidential Election","ALLEGHENY","Representative in the General Assembly","24th Legislative District","Democratic","LATASHA D MAYES","27,962","0","0","18,509","0","0","8,998","0","0","455","0","0"
"2024 Presidential Election","ALLEGHENY","Representative in the General Assembly","25th Legislative District","Democratic","BRANDON J MARKOSEK","20,865","0","0","12,944","0","0","7,660","0","0","261","0","0"
"2024 Presidential Election","ALLEGHENY","Representative in the General Assembly","25th Legislative District","Republican","JOHN RITTER","14,140","0","0","11,442","0","0","2,597","0","0","101","0","0"
"2024 Presidential Election","ALLEGHENY","Representative in the General Assembly","27th Legislative District","Democratic","DANIEL J DEASY","26,101","0","0","17,710","0","0","8,069","0","0","322","0","0"
"2024 Presidential Election","ALLEGHENY","Representative in the General Assembly","28th Legislative District","Democratic","BILL PETULLA","17,514","0","0","9,071","0","0","8,287","0","0","156","0","0"
"2024 Presidential Election","ALLEGHENY","Representative in the General Assembly","28th Legislative District","Republican","JEREMY SHAFFER","23,228","0","0","16,834","0","0","6,231","0","0","163","0","0"
"2024 Presidential Election","ALLEGHENY","Representative in the General Assembly","30th Legislative District","Democratic","ARVIND VENKAT","21,896","0","0","11,779","0","0","9,971","0","0","146","0","0"
"2024 Presidential Election","ALLEGHENY","Representative in the General Assembly","30th Legislative District","Republican","NATHAN WOLFE","17,748","0","0","12,906","0","0","4,746","0","0","96","0","0"
"2024 Presidential Election","ALLEGHENY","Representative in the General Assembly","30th Legislative District","Libertarian","WILLIAM JOHNSON BAIERL","676","0","0","485","0","0","182","0","0","9","0","0"
"2024 Presidential Election","ALLEGHENY","Representative in the General Assembly","32nd Legislative District","Democratic / Republican","JOE MCANDREW","31,207","0","0","20,430","0","0","10,375","0","0","402","0","0"
"2024 Presidential Election","ALLEGHENY","Representative in the General Assembly","33rd Legislative District","Democratic","MANDY STEELE","20,030","0","0","12,487","0","0","7,342","0","0","201","0","0"
"2024 Presidential Election","ALLEGHENY","Representative in the General Assembly","33rd Legislative District","Republican","GARY LOTZ","15,867","0","0","12,641","0","0","3,086","0","0","140","0","0"
"2024 Presidential Election","ALLEGHENY","Representative in the General Assembly","34th Legislative District","Democratic","ABIGAIL SALISBURY","30,209","0","0","19,659","0","0","10,084","0","0","466","0","0"
"2024 Presidential Election","ALLEGHENY","Representative in the General Assembly","35th Legislative District","Democratic","MATTHEW R GERGELY","23,550","0","0","17,006","0","0","6,117","0","0","427","0","0"
"2024 Presidential Election","ALLEGHENY","Representative in the General Assembly","36th Legislative District","Democratic","JESSICA BENHAM","22,253","0","0","14,616","0","0","7,307","0","0","330","0","0"
"2024 Presidential Election","ALLEGHENY","Representative in the General Assembly","36th Legislative District","Libertarian","ROSS SYLVESTER","5,981","0","0","4,836","0","0","1,082","0","0","63","0","0"
"2024 Presidential Election","ALLEGHENY","Representative in the General Assembly","38th Legislative District","Democratic","JOHN INGLIS","19,559","0","0","11,936","0","0","7,392","0","0","231","0","0"
"2024 Presidential Election","ALLEGHENY","Representative in the General Assembly","38th Legislative District","Republican","STONE SOBIERALSKI","15,675","0","0","12,440","0","0","3,090","0","0","145","0","0"
"2024 Presidential Election","ALLEGHENY","Representative in the General Assembly","39th Legislative District","Democratic","ANGELA GIROL","12,103","0","0","7,119","0","0","4,858","0","0","126","0","0"
"2024 Presidential Election","ALLEGHENY","Representative in the General Assembly","39th Legislative District","Republican","ANDREW KUZMA","19,500","0","0","15,466","0","0","3,880","0","0","154","0","0"
"2024 Presidential Election","ALLEGHENY","Representative in the General Assembly","40th Legislative District","Democratic","PETER KOHNKE","11,994","0","0","6,502","0","0","5,383","0","0","109","0","0"
"2024 Presidential Election","ALLEGHENY","Representative in the General Assembly","40th Legislative District","Republican","NATALIE MIHALEK","15,586","0","0","11,350","0","0","4,140","0","0","96","0","0"
"2024 Presidential Election","ALLEGHENY","Representative in the General Assembly","42nd Legislative District","Democratic","DAN MILLER","26,932","0","0","16,419","0","0","10,295","0","0","218","0","0"
"2024 Presidential Election","ALLEGHENY","Representative in the General Assembly","42nd Legislative District","Republican","JOSEPH LECKENBY","13,436","0","0","10,055","0","0","3,289","0","0","92","0","0"
"2024 Presidential Election","ALLEGHENY","Representative in the General Assembly","44th Legislative District","Democratic","HADLEY HAAS","17,872","0","0","10,073","0","0","7,581","0","0","218","0","0"
"2024 Presidential Election","ALLEGHENY","Representative in the General Assembly","44th Legislative District","Republican","VALERIE GAYDOS","20,811","0","0","15,692","0","0","4,935","0","0","184","0","0"
"2024 Presidential Election","ALLEGHENY","Representative in the General Assembly","45th Legislative District","Democratic","ANITA ASTORINO KULIK","21,045","0","0","12,949","0","0","7,819","0","0","277","0","0"
"2024 Presidential Election","ALLEGHENY","Representative in the General Assembly","45th Legislative District","Republican","JAMES JULIUS","15,192","0","0","11,910","0","0","3,131","0","0","151","0","0"
"2024 Presidential Election","ALLEGHENY","Representative in the General Assembly","46th Legislative District","Democratic","ALEX TAYLOR","4,646","0","0","2,711","0","0","1,894","0","0","41","0","0"
"2024 Presidential Election","ALLEGHENY","Representative in the General Assembly","46th Legislative District","Republican","JASON ORTITAY","6,860","0","0","5,281","0","0","1,511","0","0","68","0","0"
"2024 Presidential Election","ARMSTRONG","President of the United States","Statewide","Democratic","KAMALA D HARRIS","8,553","0","0","5,437","0","0","3,081","0","0","35","0","0"
"2024 Presidential Election","ARMSTRONG","President of the United States","Statewide","Republican","DONALD J TRUMP","28,296","0","0","24,029","0","0","4,162","0","0","105","0","0"
"2024 Presidential Election","ARMSTRONG","President of the United States","Statewide","Libertarian","CHASE OLIVER","182","0","0","156","0","0","25","0","0","1","0","0"
"2024 Presidential Election","ARMSTRONG","President of the United States","Statewide","Green Party","JILL STEIN","88","0","0","60","0","0","27","0","0","1","0","0"
"2024 Presidential Election","ARMSTRONG","United States Senator","Statewide","Democratic","ROBERT P CASEY JR","9,136","0","0","5,981","0","0","3,117","0","0","38","0","0"
"2024 Presidential Election","ARMSTRONG","United States Senator","Statewide","Republican","DAVE MCCORMICK","26,653","0","0","22,609","0","0","3,951","0","0","93","0","0"
"2024 Presidential Election","ARMSTRONG","United States Senator","Statewide","Libertarian","JOHN C THOMAS","768","0","0","646","0","0","119","0","0","3","0","0"
"2024 Presidential Election","ARMSTRONG","United States Senator","Statewide","Green Party","LEILA HAZOU","192","0","0","150","0","0","39","0","0","3","0","0"
"2024 Presidential Election","ARMSTRONG","United States Senator","Statewide","Constitution Party","MARTY SELKER","195","0","0","159","0","0","35","0","0","1","0","0"
"2024 Presidential Election","ARMSTRONG","Attorney General","Statewide","Democratic","EUGENE DEPASQUALE","8,503","0","0","5,508","0","0","2,962","0","0","33","0","0"
"2024 Presidential Election","ARMSTRONG","Attorney General","Statewide","Republican","DAVE SUNDAY","26,817","0","0","22,647","0","0","4,083","0","0","87","0","0"
"2024 Presidential Election","ARMSTRONG","Attorney General","Statewide","Libertarian","ROBERT COWBURN","549","0","0","471","0","0","72","0","0","6","0","0"
"2024 Presidential Election","ARMSTRONG","Attorney General","Statewide","Green Party","RICHARD L WEISS","229","0","0","186","0","0","42","0","0","1","0","0"
"2024 Presidential Election","ARMSTRONG","Attorney General","Statewide","Constitution Party","JUSTIN L MAGILL","270","0","0","234","0","0","35","0","0","1","0","0"
"2024 Presidential Election","ARMSTRONG","Attorney General","Statewide","Forward Party","ERIC L SETTLE","67","0","0","56","0","0","11","0","0","0","0","0"
"2024 Presidential Election","ARMSTRONG","Auditor General","Statewide","Democratic","MALCOLM KENYATTA","8,133","0","0","5,245","0","0","2,855","0","0","33","0","0"
"2024 Presidential Election","ARMSTRONG","Auditor General","Statewide","Republican","TIM DEFOOR","26,896","0","0","22,680","0","0","4,127","0","0","89","0","0"
"2024 Presidential Election","ARMSTRONG","Auditor General","Statewide","Libertarian","REECE SMITH","688","0","0","577","0","0","107","0","0","4","0","0"
"2024 Presidential Election","ARMSTRONG","Auditor General","Statewide","American Solidarity Party","ERIC K ANTON","108","0","0","91","0","0","17","0","0","0","0","0"
"2024 Presidential Election","ARMSTRONG","Auditor General","Statewide","Constitution Party","BOB GOODRICH","389","0","0","333","0","0","54","0","0","2","0","0"
"2024 Presidential Election","ARMSTRONG","State Treasurer","Statewide","Democratic","ERIN MCCLELLAND","8,122","0","0","5,192","0","0","2,899","0","0","31","0","0"
"2024 Presidential Election","ARMSTRONG","State Treasurer","Statewide","Republican","STACY GARRITY","27,092","0","0","22,893","0","0","4,111","0","0","88","0","0"
"2024 Presidential Election","ARMSTRONG","State Treasurer","Statewide","Libertarian","NICKOLAS CIESIELSKI","551","0","0","459","0","0","90","0","0","2","0","0"
"2024 Presidential Election","ARMSTRONG","State Treasurer","Statewide","Constitution Party","TROY BOWMAN","304","0","0","264","0","0","36","0","0","4","0","0"
"2024 Presidential Election","ARMSTRONG","State Treasurer","Statewide","Forward Party","CHRIS FOSTER","147","0","0","121","0","0","25","0","0","1","0","0"
"2024 Presidential Election","ARMSTRONG","Representative in Congress","15th Congressional District","Democratic","ZACH WOMER","8,297","0","0","5,340","0","0","2,923","0","0","34","0","0"
"2024 Presidential Election","ARMSTRONG","Representative in Congress","15th Congressional District","Republican","GLENN GT THOMPSON","27,657","0","0","23,331","0","0","4,233","0","0","93","0","0"
"2024 Presidential Election","ARMSTRONG","Senator in the General Assembly","41st Senatorial District","Republican","JOE PITTMAN","31,893","0","0","26,200","0","0","5,581","0","0","112","0","0"
"2024 Presidential Election","ARMSTRONG","Representative in the General Assembly","60th Legislative District","Republican","ABBY MAJOR","19,009","0","0","15,567","0","0","3,363","0","0","79","0","0"
"2024 Presidential Election","ARMSTRONG","Representative in the General Assembly","63rd Legislative District","Democratic","PAT RITCHIE","2,808","0","0","1,793","0","0","1,008","0","0","7","0","0"
"2024 Presidential Election","ARMSTRONG","Representative in the General Assembly","63rd Legislative District","Republican","JOSH BASHLINE","12,087","0","0","10,163","0","0","1,895","0","0","29","0","0"
"2024 Presidential Election","BEAVER","President of the United States","Statewide","Democratic","KAMALA D HARRIS","37,196","0","0","23,552","0","0","13,383","0","0","261","0","0"
"2024 Presidential Election","BEAVER","President of the United States","Statewide","Republican","DONALD J TRUMP","56,837","0","0","46,773","0","0","9,796","0","0","268","0","0"
"2024 Presidential Election","BEAVER","President of the United States","Statewide","Libertarian","CHASE OLIVER","502","0","0","387","0","0","113","0","0","2","0","0"
"2024 Presidential Election","BEAVER","President of the United States","Statewide","Green Party","JILL STEIN","308","0","0","242","0","0","65","0","0","1","0","0"
"2024 Presidential Election","BEAVER","United States Senator","Statewide","Democratic","ROBERT P CASEY JR","38,529","0","0","24,734","0","0","13,534","0","0","261","0","0"
"2024 Presidential Election","BEAVER","United States Senator","Statewide","Republican","DAVE MCCORMICK","53,593","0","0","44,042","0","0","9,303","0","0","248","0","0"
"2024 Presidential Election","BEAVER","United States Senator","Statewide","Libertarian","JOHN C THOMAS","1,458","0","0","1,183","0","0","266","0","0","9","0","0"
"2024 Presidential Election","BEAVER","United States Senator","Statewide","Green Party","LEILA HAZOU","718","0","0","543","0","0","171","0","0","4","0","0"
"2024 Presidential Election","BEAVER","United States Senator","Statewide","Constitution Party","MARTY SELKER","459","0","0","370","0","0","85","0","0","4","0","0"
"2024 Presidential Election","BEAVER","Attorney General","Statewide","Democratic","EUGENE DEPASQUALE","37,276","0","0","23,990","0","0","13,030","0","0","256","0","0"
"2024 Presidential Election","BEAVER","Attorney General","Statewide","Republican","DAVE SUNDAY","53,751","0","0","43,916","0","0","9,598","0","0","237","0","0"
"2024 Presidential Election","BEAVER","Attorney General","Statewide","Libertarian","ROBERT COWBURN","1,443","0","0","1,195","0","0","236","0","0","12","0","0"
"2024 Presidential Election","BEAVER","Attorney General","Statewide","Green Party","RICHARD L WEISS","731","0","0","580","0","0","145","0","0","6","0","0"
"2024 Presidential Election","BEAVER","Attorney General","Statewide","Constitution Party","JUSTIN L MAGILL","661","0","0","556","0","0","100","0","0","5","0","0"
"2024 Presidential Election","BEAVER","Attorney General","Statewide","Forward Party","ERIC L SETTLE","246","0","0","183","0","0","62","0","0","1","0","0"
"2024 Presidential Election","BEAVER","Auditor General","Statewide","Democratic","MALCOLM KENYATTA","35,573","0","0","22,841","0","0","12,487","0","0","245","0","0"
"2024 Presidential Election","BEAVER","Auditor General","Statewide","Republican","TIM DEFOOR","54,653","0","0","44,473","0","0","9,934","0","0","246","0","0"
"2024 Presidential Election","BEAVER","Auditor General","Statewide","Libertarian","REECE SMITH","1,914","0","0","1,541","0","0","359","0","0","14","0","0"
"2024 Presidential Election","BEAVER","Auditor General","Statewide","American Solidarity Party","ERIC K ANTON","396","0","0","320","0","0","74","0","0","2","0","0"
"2024 Presidential Election","BEAVER","Auditor General","Statewide","Constitution Party","BOB GOODRICH","1,049","0","0","862","0","0","177","0","0","10","0","0"
"2024 Presidential Election","BEAVER","State Treasurer","Statewide","Democratic","ERIN MCCLELLAND","35,664","0","0","22,729","0","0","12,692","0","0","243","0","0"
"2024 Presidential Election","BEAVER","State Treasurer","Statewide","Republican","STACY GARRITY","55,109","0","0","45,061","0","0","9,804","0","0","244","0","0"
"2024 Presidential Election","BEAVER","State Treasurer","Statewide","Libertarian","NICKOLAS CIESIELSKI","1,519","0","0","1,237","0","0","265","0","0","17","0","0"
"2024 Presidential Election","BEAVER","State Treasurer","Statewide","Constitution Party","TROY BOWMAN","710","0","0","588","0","0","116","0","0","6","0","0"
"2024 Presidential Election","BEAVER","State Treasurer","Statewide","Forward Party","CHRIS FOSTER","414","0","0","308","0","0","101","0","0","5","0","0"
"2024 Presidential Election","BEAVER","Representative in Congress","17th Congressional District","Democratic","CHRIS DELUZIO","40,415","0","0","26,263","0","0","13,872","0","0","280","0","0"
"2024 Presidential Election","BEAVER","Representative in Congress","17th Congressional District","Republican","ROB MERCURI","53,878","0","0","44,234","0","0","9,401","0","0","243","0","0"
"2024 Presidential Election","BEAVER","Senator in the General Assembly","47th Senatorial District","Democratic","KATE LENNEN","33,094","0","0","21,317","0","0","11,523","0","0","254","0","0"
"2024 Presidential Election","BEAVER","Senator in the General Assembly","47th Senatorial District","Republican","ELDER VOGEL JR","57,502","0","0","46,311","0","0","10,939","0","0","252","0","0"
"2024 Presidential Election","BEAVER","Representative in the General Assembly","14th Legislative District","Democratic","KENYA JOHNS","12,915","0","0","8,066","0","0","4,757","0","0","92","0","0"
"2024 Presidential Election","BEAVER","Representative in the General Assembly","14th Legislative District","Republican","ROMAN KOZAK","24,270","0","0","19,914","0","0","4,264","0","0","92","0","0"
"2024 Presidential Election","BEAVER","Representative in the General Assembly","15th Legislative District","Democratic","ASHLEE CAUL","6,802","0","0","4,246","0","0","2,519","0","0","37","0","0"
"2024 Presidential Election","BEAVER","Representative in the General Assembly","15th Legislative District","Republican","JOSHUA D KAIL","15,212","0","0","12,293","0","0","2,869","0","0","50","0","0"
"2024 Presidential Election","BEAVER","Representative in the General Assembly","16th Legislative District","Democratic","ROBERT F MATZIE","18,198","0","0","12,238","0","0","5,824","0","0","136","0","0"
"2024 Presidential Election","BEAVER","Representative in the General Assembly","16th Legislative District","Republican","MICHAEL J PERICH","16,584","0","0","13,648","0","0","2,843","0","0","93","0","0"
"2024 Presidential Election","BEDFORD","President of the United States","Statewide","Democratic","KAMALA D HARRIS","4,336","0","0","2,430","0","0","1,889","0","0","17","0","0"
"2024 Presidential Election","BEDFORD","President of the United States","Statewide","Republican","DONALD J TRUMP","23,658","0","0","19,603","0","0","3,948","0","0","107","0","0"
"2024 Presidential Election","BEDFORD","President of the United States","Statewide","Libertarian","CHASE OLIVER","100","0","0","72","0","0","27","0","0","1","0","0"
"2024 Presidential Election","BEDFORD","President of the United States","Statewide","Green Party","JILL STEIN","66","0","0","44","0","0","22","0","0","0","0","0"
"2024 Presidential Election","BEDFORD","United States Senator","Statewide","Democratic","ROBERT P CASEY JR","4,624","0","0","2,699","0","0","1,904","0","0","21","0","0"
"2024 Presidential Election","BEDFORD","United States Senator","Statewide","Republican","DAVE MCCORMICK","22,855","0","0","18,934","0","0","3,823","0","0","98","0","0"
"2024 Presidential Election","BEDFORD","United States Senator","Statewide","Libertarian","JOHN C THOMAS","334","0","0","261","0","0","71","0","0","2","0","0"
"2024 Presidential Election","BEDFORD","United States Senator","Statewide","Green Party","LEILA HAZOU","107","0","0","72","0","0","34","0","0","1","0","0"
"2024 Presidential Election","BEDFORD","United States Senator","Statewide","Constitution Party","MARTY SELKER","123","0","0","87","0","0","36","0","0","0","0","0"
"2024 Presidential Election","BEDFORD","Attorney General","Statewide","Democratic","EUGENE DEPASQUALE","3,924","0","0","2,207","0","0","1,699","0","0","18","0","0"
"2024 Presidential Election","BEDFORD","Attorney General","Statewide","Republican","DAVE SUNDAY","23,146","0","0","19,083","0","0","3,966","0","0","97","0","0"
"2024 Presidential Election","BEDFORD","Attorney General","Statewide","Libertarian","ROBERT COWBURN","333","0","0","264","0","0","65","0","0","4","0","0"
"2024 Presidential Election","BEDFORD","Attorney General","Statewide","Green Party","RICHARD L WEISS","108","0","0","78","0","0","28","0","0","2","0","0"
"2024 Presidential Election","BEDFORD","Attorney General","Statewide","Constitution Party","JUSTIN L MAGILL","154","0","0","117","0","0","37","0","0","0","0","0"
"2024 Presidential Election","BEDFORD","Attorney General","Statewide","Forward Party","ERIC L SETTLE","47","0","0","31","0","0","16","0","0","0","0","0"
"2024 Presidential Election","BEDFORD","Auditor General","Statewide","Democratic","MALCOLM KENYATTA","3,934","0","0","2,184","0","0","1,733","0","0","17","0","0"
"2024 Presidential Election","BEDFORD","Auditor General","Statewide","Republican","TIM DEFOOR","22,616","0","0","18,641","0","0","3,882","0","0","93","0","0"
"2024 Presidential Election","BEDFORD","Auditor General","Statewide","Libertarian","REECE SMITH","419","0","0","341","0","0","71","0","0","7","0","0"
"2024 Presidential Election","BEDFORD","Auditor General","Statewide","American Solidarity Party","ERIC K ANTON","55","0","0","40","0","0","15","0","0","0","0","0"
"2024 Presidential Election","BEDFORD","Auditor General","Statewide","Constitution Party","BOB GOODRICH","267","0","0","205","0","0","62","0","0","0","0","0"
"2024 Presidential Election","BEDFORD","State Treasurer","Statewide","Democratic","ERIN MCCLELLAND","4,025","0","0","2,252","0","0","1,757","0","0","16","0","0"
"2024 Presidential Election","BEDFORD","State Treasurer","Statewide","Republican","STACY GARRITY","22,727","0","0","18,757","0","0","3,876","0","0","94","0","0"
"2024 Presidential Election","BEDFORD","State Treasurer","Statewide","Libertarian","NICKOLAS CIESIELSKI","261","0","0","196","0","0","59","0","0","6","0","0"
"2024 Presidential Election","BEDFORD","State Treasurer","Statewide","Constitution Party","TROY BOWMAN","235","0","0","182","0","0","53","0","0","0","0","0"
"2024 Presidential Election","BEDFORD","State Treasurer","Statewide","Forward Party","CHRIS FOSTER","49","0","0","37","0","0","12","0","0","0","0","0"
"2024 Presidential Election","BEDFORD","Representative in Congress","13th Congressional District","Democratic","BETH FARNHAM","4,029","0","0","2,275","0","0","1,737","0","0","17","0","0"
"2024 Presidential Election","BEDFORD","Representative in Congress","13th Congressional District","Republican","JOHN JOYCE","23,381","0","0","19,216","0","0","4,066","0","0","99","0","0"
"2024 Presidential Election","BEDFORD","Representative in the General Assembly","78th Legislative District","Republican","JESSE TOPPER","23,709","0","0","18,989","0","0","4,626","0","0","94","0","0"
"2024 Presidential Election","BERKS","President of the United States","Statewide","Democratic","KAMALA D HARRIS","91,125","0","0","60,162","0","0","30,175","0","0","788","0","0"
"2024 Presidential Election","BERKS","President of the United States","Statewide","Republican","DONALD J TRUMP","116,677","0","0","97,251","0","0","18,691","0","0","735","0","0"
"2024 Presidential Election","BERKS","President of the United States","Statewide","Libertarian","CHASE OLIVER","1,094","0","0","871","0","0","219","0","0","4","0","0"
"2024 Presidential Election","BERKS","President of the United States","Statewide","Green Party","JILL STEIN","942","0","0","701","0","0","233","0","0","8","0","0"
"2024 Presidential Election","BERKS","United States Senator","Statewide","Democratic","ROBERT P CASEY JR","89,063","0","0","58,554","0","0","29,742","0","0","767","0","0"
"2024 Presidential Election","BERKS","United States Senator","Statewide","Republican","DAVE MCCORMICK","108,058","0","0","89,416","0","0","18,009","0","0","633","0","0"
"2024 Presidential Election","BERKS","United States Senator","Statewide","Libertarian","JOHN C THOMAS","3,424","0","0","2,825","0","0","563","0","0","36","0","0"
"2024 Presidential Election","BERKS","United States Senator","Statewide","Green Party","LEILA HAZOU","2,148","0","0","1,579","0","0","528","0","0","41","0","0"
"2024 Presidential Election","BERKS","United States Senator","Statewide","Constitution Party","MARTY SELKER","949","0","0","788","0","0","148","0","0","13","0","0"
"2024 Presidential Election","BERKS","Attorney General","Statewide","Democratic","EUGENE DEPASQUALE","81,358","0","0","53,193","0","0","27,429","0","0","736","0","0"
"2024 Presidential Election","BERKS","Attorney General","Statewide","Republican","DAVE SUNDAY","111,534","0","0","91,326","0","0","19,572","0","0","636","0","0"
"2024 Presidential Election","BERKS","Attorney General","Statewide","Libertarian","ROBERT COWBURN","3,024","0","0","2,550","0","0","444","0","0","30","0","0"
"2024 Presidential Election","BERKS","Attorney General","Statewide","Green Party","RICHARD L WEISS","1,970","0","0","1,536","0","0","401","0","0","33","0","0"
"2024 Presidential Election","BERKS","Attorney General","Statewide","Constitution Party","JUSTIN L MAGILL","1,009","0","0","821","0","0","178","0","0","10","0","0"
"2024 Presidential Election","BERKS","Attorney General","Statewide","Forward Party","ERIC L SETTLE","580","0","0","408","0","0","161","0","0","11","0","0"
"2024 Presidential Election","BERKS","Auditor General","Statewide","Democratic","MALCOLM KENYATTA","82,264","0","0","53,719","0","0","27,796","0","0","749","0","0"
"2024 Presidential Election","BERKS","Auditor General","Statewide","Republican","TIM DEFOOR","109,141","0","0","89,272","0","0","19,251","0","0","618","0","0"
"2024 Presidential Election","BERKS","Auditor General","Statewide","Libertarian","REECE SMITH","4,364","0","0","3,646","0","0","673","0","0","45","0","0"
"2024 Presidential Election","BERKS","Auditor General","Statewide","American Solidarity Party","ERIC K ANTON","798","0","0","656","0","0","131","0","0","11","0","0"
"2024 Presidential Election","BERKS","Auditor General","Statewide","Constitution Party","BOB GOODRICH","1,824","0","0","1,470","0","0","331","0","0","23","0","0"
"2024 Presidential Election","BERKS","State Treasurer","Statewide","Democratic","ERIN MCCLELLAND","81,798","0","0","53,256","0","0","27,793","0","0","749","0","0"
"2024 Presidential Election","BERKS","State Treasurer","Statewide","Republican","STACY GARRITY","110,717","0","0","90,648","0","0","19,430","0","0","639","0","0"
"2024 Presidential Election","BERKS","State Treasurer","Statewide","Libertarian","NICKOLAS CIESIELSKI","3,407","0","0","2,868","0","0","500","0","0","39","0","0"
"2024 Presidential Election","BERKS","State Treasurer","Statewide","Constitution Party","TROY BOWMAN","1,330","0","0","1,088","0","0","230","0","0","12","0","0"
"2024 Presidential Election","BERKS","State Treasurer","Statewide","Forward Party","CHRIS FOSTER","862","0","0","590","0","0","258","0","0","14","0","0"
"2024 Presidential Election","BERKS","Representative in Congress","4th Congressional District","Democratic","MADELEINE DEAN","31,346","0","0","20,730","0","0","10,418","0","0","198","0","0"
"2024 Presidential Election","BERKS","Representative in Congress","4th Congressional District","Republican","DAVID WINKLER","43,788","0","0","36,921","0","0","6,683","0","0","184","0","0"
"2024 Presidential Election","BERKS","Representative in Congress","6th Congressional District","Democratic","CHRISSY HOULAHAN","51,469","0","0","34,599","0","0","16,356","0","0","514","0","0"
"2024 Presidential Election","BERKS","Representative in Congress","6th Congressional District","Republican","NEIL YOUNG","44,474","0","0","35,914","0","0","8,245","0","0","315","0","0"
"2024 Presidential Election","BERKS","Representative in Congress","9th Congressional District","Democratic","AMANDA WALDMAN","9,540","0","0","5,885","0","0","3,600","0","0","55","0","0"
"2024 Presidential Election","BERKS","Representative in Congress","9th Congressional District","Republican","DAN MEUSER","21,564","0","0","18,137","0","0","3,354","0","0","73","0","0"
"2024 Presidential Election","BERKS","Senator in the General Assembly","11th Senatorial District","Democratic","JUDY SCHWANK","63,935","0","0","43,625","0","0","19,693","0","0","617","0","0"
"2024 Presidential Election","BERKS","Senator in the General Assembly","11th Senatorial District","Republican","LISHA L ROWE","45,000","0","0","36,308","0","0","8,365","0","0","327","0","0"
"2024 Presidential Election","BERKS","Senator in the General Assembly","13th Senatorial District","Democratic","TREX PROFFITT","2,941","0","0","1,822","0","0","1,107","0","0","12","0","0"
"2024 Presidential Election","BERKS","Senator in the General Assembly","13th Senatorial District","Republican","SCOTT MARTIN","6,892","0","0","5,766","0","0","1,096","0","0","30","0","0"
"2024 Presidential Election","BERKS","Representative in the General Assembly","5th Legislative District","Democratic","HEATHER HANNA","11,801","0","0","7,373","0","0","4,369","0","0","59","0","0"
"2024 Presidential Election","BERKS","Representative in the General Assembly","5th Legislative District","Republican","ERIC J WEAKNECHT","23,664","0","0","19,264","0","0","4,323","0","0","77","0","0"
"2024 Presidential Election","BERKS","Representative in the General Assembly","99th Legislative District","Republican","DAVE ZIMMERMAN","7,382","0","0","5,804","0","0","1,537","0","0","41","0","0"
"2024 Presidential Election","BERKS","Representative in the General Assembly","124th Legislative District","Democratic","TINA BURNS","4,980","0","0","3,199","0","0","1,755","0","0","26","0","0"
"2024 Presidential Election","BERKS","Representative in the General Assembly","124th Legislative District","Republican","JAMIE BARTON","10,025","0","0","8,624","0","0","1,371","0","0","30","0","0"
"2024 Presidential Election","BERKS","Representative in the General Assembly","126th Legislative District","Democratic","JACKLYN RUSNOCK","14,005","0","0","9,816","0","0","4,064","0","0","125","0","0"
"2024 Presidential Election","BERKS","Representative in the General Assembly","126th Legislative District","Republican","JAMES OSWALD","11,052","0","0","8,976","0","0","1,996","0","0","80","0","0"
"2024 Presidential Election","BERKS","Representative in the General Assembly","127th Legislative District","Democratic","MANNY GUZMAN","12,684","0","0","9,279","0","0","3,207","0","0","198","0","0"
"2024 Presidential Election","BERKS","Representative in the General Assembly","128th Legislative District","Republican","MARK M GILLEN","28,117","0","0","21,944","0","0","6,016","0","0","157","0","0"
"2024 Presidential Election","BERKS","Representative in the General Assembly","129th Legislative District","Democratic","JOHANNY CEPEDA FREYTIZ","14,808","0","0","10,141","0","0","4,546","0","0","121","0","0"
"2024 Presidential Election","BERKS","Representative in the General Assembly","129th Legislative District","Republican","SUSAN LARKIN","11,479","0","0","9,038","0","0","2,383","0","0","58","0","0"
"2024 Presidential Election","BERKS","Representative in the General Assembly","130th Legislative District","Democratic","RAYNE REITNAUER","12,751","0","0","8,237","0","0","4,443","0","0","71","0","0"
"2024 Presidential Election","BERKS","Representative in the General Assembly","130th Legislative District","Republican","DAVID M MALONEY","24,320","0","0","20,554","0","0","3,661","0","0","105","0","0"
"2024 Presidential Election","BLAIR","President of the United States","Statewide","Democratic","KAMALA D HARRIS","18,127","0","0","10,888","0","0","7,119","0","0","120","0","0"
"2024 Presidential Election","BLAIR","President of the United States","Statewide","Republican","DONALD J TRUMP","46,352","0","0","36,580","0","0","9,532","0","0","240","0","0"
"2024 Presidential Election","BLAIR","President of the United States","Statewide","Libertarian","CHASE OLIVER","274","0","0","213","0","0","60","0","0","1","0","0"
"2024 Presidential Election","BLAIR","President of the United States","Statewide","Green Party","JILL STEIN","196","0","0","133","0","0","62","0","0","1","0","0"
"2024 Presidential Election","BLAIR","United States Senator","Statewide","Democratic","ROBERT P CASEY JR","18,445","0","0","11,231","0","0","7,090","0","0","124","0","0"
"2024 Presidential Election","BLAIR","United States Senator","Statewide","Republican","DAVE MCCORMICK","44,741","0","0","35,263","0","0","9,255","0","0","223","0","0"
"2024 Presidential Election","BLAIR","United States Senator","Statewide","Libertarian","JOHN C THOMAS","869","0","0","684","0","0","178","0","0","7","0","0"
"2024 Presidential Election","BLAIR","United States Senator","Statewide","Green Party","LEILA HAZOU","389","0","0","264","0","0","124","0","0","1","0","0"
"2024 Presidential Election","BLAIR","United States Senator","Statewide","Constitution Party","MARTY SELKER","279","0","0","218","0","0","60","0","0","1","0","0"
"2024 Presidential Election","BLAIR","Attorney General","Statewide","Democratic","EUGENE DEPASQUALE","16,366","0","0","9,912","0","0","6,337","0","0","117","0","0"
"2024 Presidential Election","BLAIR","Attorney General","Statewide","Republican","DAVE SUNDAY","46,060","0","0","35,980","0","0","9,857","0","0","223","0","0"
"2024 Presidential Election","BLAIR","Attorney General","Statewide","Libertarian","ROBERT COWBURN","872","0","0","725","0","0","138","0","0","9","0","0"
"2024 Presidential Election","BLAIR","Attorney General","Statewide","Green Party","RICHARD L WEISS","382","0","0","285","0","0","95","0","0","2","0","0"
"2024 Presidential Election","BLAIR","Attorney General","Statewide","Constitution Party","JUSTIN L MAGILL","349","0","0","284","0","0","64","0","0","1","0","0"
"2024 Presidential Election","BLAIR","Attorney General","Statewide","Forward Party","ERIC L SETTLE","180","0","0","121","0","0","57","0","0","2","0","0"
"2024 Presidential Election","BLAIR","Auditor General","Statewide","Democratic","MALCOLM KENYATTA","16,289","0","0","9,784","0","0","6,386","0","0","119","0","0"
"2024 Presidential Election","BLAIR","Auditor General","Statewide","Republican","TIM DEFOOR","45,499","0","0","35,635","0","0","9,645","0","0","219","0","0"
"2024 Presidential Election","BLAIR","Auditor General","Statewide","Libertarian","REECE SMITH","1,145","0","0","922","0","0","216","0","0","7","0","0"
"2024 Presidential Election","BLAIR","Auditor General","Statewide","American Solidarity Party","ERIC K ANTON","187","0","0","150","0","0","35","0","0","2","0","0"
"2024 Presidential Election","BLAIR","Auditor General","Statewide","Constitution Party","BOB GOODRICH","645","0","0","523","0","0","120","0","0","2","0","0"
"2024 Presidential Election","BLAIR","State Treasurer","Statewide","Democratic","ERIN MCCLELLAND","16,257","0","0","9,781","0","0","6,357","0","0","119","0","0"
"2024 Presidential Election","BLAIR","State Treasurer","Statewide","Republican","STACY GARRITY","45,627","0","0","35,826","0","0","9,586","0","0","215","0","0"
"2024 Presidential Election","BLAIR","State Treasurer","Statewide","Libertarian","NICKOLAS CIESIELSKI","855","0","0","682","0","0","166","0","0","7","0","0"
"2024 Presidential Election","BLAIR","State Treasurer","Statewide","Constitution Party","TROY BOWMAN","445","0","0","359","0","0","83","0","0","3","0","0"
"2024 Presidential Election","BLAIR","State Treasurer","Statewide","Forward Party","CHRIS FOSTER","228","0","0","160","0","0","67","0","0","1","0","0"
"2024 Presidential Election","BLAIR","Representative in Congress","13th Congressional District","Democratic","BETH FARNHAM","16,731","0","0","10,021","0","0","6,592","0","0","118","0","0"
"2024 Presidential Election","BLAIR","Representative in Congress","13th Congressional District","Republican","JOHN JOYCE","47,627","0","0","37,357","0","0","10,038","0","0","232","0","0"
"2024 Presidential Election","BLAIR","Representative in the General Assembly","79th Legislative District","Republican","LOU SCHMITT","25,629","0","0","19,374","0","0","6,102","0","0","153","0","0"
"2024 Presidential Election","BLAIR","Representative in the General Assembly","80th Legislative District","Republican","SCOTT BARGER","29,159","0","0","22,542","0","0","6,484","0","0","133","0","0"
"2024 Presidential Election","BRADFORD","President of the United States","Statewide","Democratic","KAMALA D HARRIS","7,990","0","0","5,124","0","0","2,800","0","0","66","0","0"
"2024 Presidential Election","BRADFORD","President of the United States","Statewide","Republican","DONALD J TRUMP","22,937","0","0","19,486","0","0","3,254","0","0","197","0","0"
"2024 Presidential Election","BRADFORD","President of the United States","Statewide","Libertarian","CHASE OLIVER","180","0","0","148","0","0","29","0","0","3","0","0"
"2024 Presidential Election","BRADFORD","President of the United States","Statewide","Green Party","JILL STEIN","85","0","0","59","0","0","23","0","0","3","0","0"
"2024 Presidential Election","BRADFORD","United States Senator","Statewide","Democratic","ROBERT P CASEY JR","8,007","0","0","5,167","0","0","2,770","0","0","70","0","0"
"2024 Presidential Election","BRADFORD","United States Senator","Statewide","Republican","DAVE MCCORMICK","22,099","0","0","18,726","0","0","3,182","0","0","191","0","0"
"2024 Presidential Election","BRADFORD","United States Senator","Statewide","Libertarian","JOHN C THOMAS","463","0","0","396","0","0","65","0","0","2","0","0"
"2024 Presidential Election","BRADFORD","United States Senator","Statewide","Green Party","LEILA HAZOU","197","0","0","154","0","0","38","0","0","5","0","0"
"2024 Presidential Election","BRADFORD","United States Senator","Statewide","Constitution Party","MARTY SELKER","144","0","0","117","0","0","27","0","0","0","0","0"
"2024 Presidential Election","BRADFORD","Attorney General","Statewide","Democratic","EUGENE DEPASQUALE","7,122","0","0","4,580","0","0","2,481","0","0","61","0","0"
"2024 Presidential Election","BRADFORD","Attorney General","Statewide","Republican","DAVE SUNDAY","22,453","0","0","18,918","0","0","3,344","0","0","191","0","0"
"2024 Presidential Election","BRADFORD","Attorney General","Statewide","Libertarian","ROBERT COWBURN","462","0","0","392","0","0","65","0","0","5","0","0"
"2024 Presidential Election","BRADFORD","Attorney General","Statewide","Green Party","RICHARD L WEISS","255","0","0","215","0","0","38","0","0","2","0","0"
"2024 Presidential Election","BRADFORD","Attorney General","Statewide","Constitution Party","JUSTIN L MAGILL","204","0","0","159","0","0","43","0","0","2","0","0"
"2024 Presidential Election","BRADFORD","Attorney General","Statewide","Forward Party","ERIC L SETTLE","87","0","0","66","0","0","19","0","0","2","0","0"
"2024 Presidential Election","BRADFORD","Auditor General","Statewide","Democratic","MALCOLM KENYATTA","6,826","0","0","4,332","0","0","2,434","0","0","60","0","0"
"2024 Presidential Election","BRADFORD","Auditor General","Statewide","Republican","TIM DEFOOR","22,425","0","0","18,878","0","0","3,353","0","0","194","0","0"
"2024 Presidential Election","BRADFORD","Auditor General","Statewide","Libertarian","REECE SMITH","601","0","0","506","0","0","91","0","0","4","0","0"
"2024 Presidential Election","BRADFORD","Auditor General","Statewide","American Solidarity Party","ERIC K ANTON","108","0","0","91","0","0","15","0","0","2","0","0"
"2024 Presidential Election","BRADFORD","Auditor General","Statewide","Constitution Party","BOB GOODRICH","397","0","0","329","0","0","66","0","0","2","0","0"
"2024 Presidential Election","BRADFORD","State Treasurer","Statewide","Democratic","ERIN MCCLELLAND","5,996","0","0","3,777","0","0","2,170","0","0","49","0","0"
"2024 Presidential Election","BRADFORD","State Treasurer","Statewide","Republican","STACY GARRITY","23,993","0","0","20,086","0","0","3,713","0","0","194","0","0"
"2024 Presidential Election","BRADFORD","State Treasurer","Statewide","Libertarian","NICKOLAS CIESIELSKI","365","0","0","323","0","0","41","0","0","1","0","0"
"2024 Presidential Election","BRADFORD","State Treasurer","Statewide","Constitution Party","TROY BOWMAN","223","0","0","188","0","0","32","0","0","3","0","0"
"2024 Presidential Election","BRADFORD","State Treasurer","Statewide","Forward Party","CHRIS FOSTER","87","0","0","66","0","0","19","0","0","2","0","0"
"2024 Presidential Election","BRADFORD","Representative in Congress","9th Congressional District","Democratic","AMANDA WALDMAN","7,441","0","0","4,788","0","0","2,588","0","0","65","0","0"
"2024 Presidential Election","BRADFORD","Representative in Congress","9th Congressional District","Republican","DAN MEUSER","23,218","0","0","19,639","0","0","3,394","0","0","185","0","0"
"2024 Presidential Election","BRADFORD","Senator in the General Assembly","23rd Senatorial District","Democratic","KIM PITCHER","6,932","0","0","4,478","0","0","2,390","0","0","64","0","0"
"2024 Presidential Election","BRADFORD","Senator in the General Assembly","23rd Senatorial District","Republican","GENE YAW","23,701","0","0","19,974","0","0","3,540","0","0","187","0","0"
"2024 Presidential Election","BRADFORD","Representative in the General Assembly","68th Legislative District","Republican","CLINT OWLETT","10,825","0","0","8,995","0","0","1,752","0","0","78","0","0"
"2024 Presidential Election","BRADFORD","Representative in the General Assembly","110th Legislative District","Republican","TINA PICKETT","17,396","0","0","14,069","0","0","3,176","0","0","151","0","0"
"2024 Presidential Election","BUCKS","President of the United States","Statewide","Democratic","KAMALA D HARRIS","198,431","0","0","107,899","0","0","88,971","0","0","1,561","0","0"
"2024 Presidential Election","BUCKS","President of the United States","Statewide","Republican","DONALD J TRUMP","198,722","0","0","148,928","0","0","48,169","0","0","1,625","0","0"
"2024 Presidential Election","BUCKS","President of the United States","Statewide","Libertarian","CHASE OLIVER","1,904","0","0","1,329","0","0","569","0","0","6","0","0"
"2024 Presidential Election","BUCKS","President of the United States","Statewide","Green Party","JILL STEIN","1,971","0","0","1,318","0","0","617","0","0","36","0","0"
"2024 Presidential Election","BUCKS","United States Senator","Statewide","Democratic","ROBERT P CASEY JR","196,444","0","0","107,553","0","0","87,357","0","0","1,534","0","0"
"2024 Presidential Election","BUCKS","United States Senator","Statewide","Republican","DAVE MCCORMICK","194,203","0","0","144,429","0","0","48,266","0","0","1,508","0","0"
"2024 Presidential Election","BUCKS","United States Senator","Statewide","Libertarian","JOHN C THOMAS","4,604","0","0","3,487","0","0","1,071","0","0","46","0","0"
"2024 Presidential Election","BUCKS","United States Senator","Statewide","Green Party","LEILA HAZOU","3,519","0","0","2,297","0","0","1,160","0","0","62","0","0"
"2024 Presidential Election","BUCKS","United States Senator","Statewide","Constitution Party","MARTY SELKER","1,063","0","0","775","0","0","279","0","0","9","0","0"
"2024 Presidential Election","BUCKS","Attorney General","Statewide","Democratic","EUGENE DEPASQUALE","180,396","0","0","97,992","0","0","80,951","0","0","1,453","0","0"
"2024 Presidential Election","BUCKS","Attorney General","Statewide","Republican","DAVE SUNDAY","205,218","0","0","150,959","0","0","52,724","0","0","1,535","0","0"
"2024 Presidential Election","BUCKS","Attorney General","Statewide","Libertarian","ROBERT COWBURN","4,762","0","0","3,736","0","0","970","0","0","56","0","0"
"2024 Presidential Election","BUCKS","Attorney General","Statewide","Green Party","RICHARD L WEISS","3,509","0","0","2,440","0","0","1,005","0","0","64","0","0"
"2024 Presidential Election","BUCKS","Attorney General","Statewide","Constitution Party","JUSTIN L MAGILL","1,462","0","0","1,135","0","0","306","0","0","21","0","0"
"2024 Presidential Election","BUCKS","Attorney General","Statewide","Forward Party","ERIC L SETTLE","982","0","0","626","0","0","347","0","0","9","0","0"
"2024 Presidential Election","BUCKS","Auditor General","Statewide","Democratic","MALCOLM KENYATTA","179,888","0","0","98,118","0","0","80,300","0","0","1,470","0","0"
"2024 Presidential Election","BUCKS","Auditor General","Statewide","Republican","TIM DEFOOR","202,101","0","0","148,116","0","0","52,466","0","0","1,519","0","0"
"2024 Presidential Election","BUCKS","Auditor General","Statewide","Libertarian","REECE SMITH","6,601","0","0","5,000","0","0","1,531","0","0","70","0","0"
"2024 Presidential Election","BUCKS","Auditor General","Statewide","American Solidarity Party","ERIC K ANTON","1,003","0","0","775","0","0","216","0","0","12","0","0"
"2024 Presidential Election","BUCKS","Auditor General","Statewide","Constitution Party","BOB GOODRICH","2,556","0","0","1,945","0","0","581","0","0","30","0","0"
"2024 Presidential Election","BUCKS","State Treasurer","Statewide","Democratic","ERIN MCCLELLAND","179,233","0","0","97,387","0","0","80,396","0","0","1,450","0","0"
"2024 Presidential Election","BUCKS","State Treasurer","Statewide","Republican","STACY GARRITY","204,612","0","0","150,483","0","0","52,595","0","0","1,534","0","0"
"2024 Presidential Election","BUCKS","State Treasurer","Statewide","Libertarian","NICKOLAS CIESIELSKI","5,206","0","0","3,974","0","0","1,170","0","0","62","0","0"
"2024 Presidential Election","BUCKS","State Treasurer","Statewide","Constitution Party","TROY BOWMAN","1,921","0","0","1,500","0","0","395","0","0","26","0","0"
"2024 Presidential Election","BUCKS","State Treasurer","Statewide","Forward Party","CHRIS FOSTER","1,366","0","0","864","0","0","490","0","0","12","0","0"
"2024 Presidential Election","BUCKS","Representative in Congress","1st Congressional District","Democratic","ASHLEY EHASZ","170,470","0","0","92,071","0","0","77,037","0","0","1,362","0","0"
"2024 Presidential Election","BUCKS","Representative in Congress","1st Congressional District","Republican","BRIAN FITZPATRICK","222,693","0","0","161,896","0","0","59,058","0","0","1,739","0","0"
"2024 Presidential Election","BUCKS","Representative in the General Assembly","18th Legislative District","Democratic","ANAND PATEL","14,468","0","0","8,622","0","0","5,657","0","0","189","0","0"
"2024 Presidential Election","BUCKS","Representative in the General Assembly","18th Legislative District","Republican","KATHLEEN K C TOMLINSON","18,160","0","0","14,125","0","0","3,876","0","0","159","0","0"
"2024 Presidential Election","BUCKS","Representative in the General Assembly","29th Legislative District","Democratic","TIM BRENNAN","25,176","0","0","12,548","0","0","12,490","0","0","138","0","0"
"2024 Presidential Election","BUCKS","Representative in the General Assembly","29th Legislative District","Republican","STEVE MEKANIK","19,118","0","0","12,073","0","0","6,903","0","0","142","0","0"
"2024 Presidential Election","BUCKS","Representative in the General Assembly","29th Legislative District","Libertarian","ROB RONKY","963","0","0","746","0","0","208","0","0","9","0","0"
"2024 Presidential Election","BUCKS","Representative in the General Assembly","31st Legislative District","Democratic","PERRY WARREN","27,837","0","0","13,749","0","0","13,908","0","0","180","0","0"
"2024 Presidential Election","BUCKS","Representative in the General Assembly","31st Legislative District","Republican","BERNIE SAUER","19,477","0","0","12,986","0","0","6,345","0","0","146","0","0"
"2024 Presidential Election","BUCKS","Representative in the General Assembly","140th Legislative District","Democratic","JIM PROKOPIAK","17,587","0","0","11,264","0","0","6,174","0","0","149","0","0"
"2024 Presidential Election","BUCKS","Representative in the General Assembly","140th Legislative District","Republican","CANDACE CABANAS","14,959","0","0","12,258","0","0","2,592","0","0","109","0","0"
"2024 Presidential Election","BUCKS","Representative in the General Assembly","141st Legislative District","Democratic","TINA DAVIS","20,960","0","0","14,115","0","0","6,617","0","0","228","0","0"
"2024 Presidential Election","BUCKS","Representative in the General Assembly","141st Legislative District","Republican","NOAH BOYD","11,345","0","0","9,466","0","0","1,766","0","0","113","0","0"
"2024 Presidential Election","BUCKS","Representative in the General Assembly","142nd Legislative District","Democratic","ANNA PAYNE","17,493","0","0","9,488","0","0","7,857","0","0","148","0","0"
"2024 Presidential Election","BUCKS","Representative in the General Assembly","142nd Legislative District","Republican","JOE HOGAN","21,226","0","0","16,153","0","0","4,917","0","0","156","0","0"
"2024 Presidential Election","BUCKS","Representative in the General Assembly","143rd Legislative District","Democratic","ELEANOR BRESLIN","18,866","0","0","10,544","0","0","8,209","0","0","113","0","0"
"2024 Presidential Election","BUCKS","Representative in the General Assembly","143rd Legislative District","Republican","SHELBY LABS","24,370","0","0","17,879","0","0","6,350","0","0","141","0","0"
"2024 Presidential Election","BUCKS","Representative in the General Assembly","144th Legislative District","Democratic","BRIAN MUNROE","20,553","0","0","10,897","0","0","9,495","0","0","161","0","0"
"2024 Presidential Election","BUCKS","Representative in the General Assembly","144th Legislative District","Republican","DANIEL J MCPHILLIPS","19,488","0","0","14,438","0","0","4,917","0","0","133","0","0"
"2024 Presidential Election","BUCKS","Representative in the General Assembly","145th Legislative District","Democratic","VERA COLE","15,821","0","0","8,942","0","0","6,774","0","0","105","0","0"
"2024 Presidential Election","BUCKS","Representative in the General Assembly","145th Legislative District","Republican","CRAIG STAATS","22,678","0","0","17,107","0","0","5,441","0","0","130","0","0"
"2024 Presidential Election","BUCKS","Representative in the General Assembly","178th Legislative District","Democratic","PAUL LANG JR","16,939","0","0","8,766","0","0","8,055","0","0","118","0","0"
"2024 Presidential Election","BUCKS","Representative in the General Assembly","178th Legislative District","Republican","KRISTIN MARCELL","26,864","0","0","19,431","0","0","7,243","0","0","190","0","0"
"2024 Presidential Election","BUTLER","President of the United States","Statewide","Democratic","KAMALA D HARRIS","40,661","0","0","24,251","0","0","16,137","0","0","273","0","0"
"2024 Presidential Election","BUTLER","President of the United States","Statewide","Republican","DONALD J TRUMP","79,773","0","0","64,294","0","0","15,086","0","0","393","0","0"
"2024 Presidential Election","BUTLER","President of the United States","Statewide","Libertarian","CHASE OLIVER","665","0","0","512","0","0","151","0","0","2","0","0"
"2024 Presidential Election","BUTLER","President of the United States","Statewide","Green Party","JILL STEIN","341","0","0","227","0","0","113","0","0","1","0","0"
"2024 Presidential Election","BUTLER","United States Senator","Statewide","Democratic","ROBERT P CASEY JR","40,973","0","0","24,770","0","0","15,928","0","0","275","0","0"
"2024 Presidential Election","BUTLER","United States Senator","Statewide","Republican","DAVE MCCORMICK","77,328","0","0","62,131","0","0","14,833","0","0","364","0","0"
"2024 Presidential Election","BUTLER","United States Senator","Statewide","Libertarian","JOHN C THOMAS","1,565","0","0","1,284","0","0","272","0","0","9","0","0"
"2024 Presidential Election","BUTLER","United States Senator","Statewide","Green Party","LEILA HAZOU","672","0","0","481","0","0","188","0","0","3","0","0"
"2024 Presidential Election","BUTLER","United States Senator","Statewide","Constitution Party","MARTY SELKER","429","0","0","341","0","0","86","0","0","2","0","0"
"2024 Presidential Election","BUTLER","Attorney General","Statewide","Democratic","EUGENE DEPASQUALE","37,987","0","0","22,817","0","0","14,906","0","0","264","0","0"
"2024 Presidential Election","BUTLER","Attorney General","Statewide","Republican","DAVE SUNDAY","77,951","0","0","62,394","0","0","15,202","0","0","355","0","0"
"2024 Presidential Election","BUTLER","Attorney General","Statewide","Libertarian","ROBERT COWBURN","1,829","0","0","1,559","0","0","258","0","0","12","0","0"
"2024 Presidential Election","BUTLER","Attorney General","Statewide","Green Party","RICHARD L WEISS","739","0","0","571","0","0","161","0","0","7","0","0"
"2024 Presidential Election","BUTLER","Attorney General","Statewide","Constitution Party","JUSTIN L MAGILL","740","0","0","631","0","0","105","0","0","4","0","0"
"2024 Presidential Election","BUTLER","Attorney General","Statewide","Forward Party","ERIC L SETTLE","244","0","0","161","0","0","82","0","0","1","0","0"
"2024 Presidential Election","BUTLER","Auditor General","Statewide","Democratic","MALCOLM KENYATTA","35,751","0","0","21,475","0","0","14,021","0","0","255","0","0"
"2024 Presidential Election","BUTLER","Auditor General","Statewide","Republican","TIM DEFOOR","78,879","0","0","62,867","0","0","15,642","0","0","370","0","0"
"2024 Presidential Election","BUTLER","Auditor General","Statewide","Libertarian","REECE SMITH","2,436","0","0","2,034","0","0","393","0","0","9","0","0"
"2024 Presidential Election","BUTLER","Auditor General","Statewide","American Solidarity Party","ERIC K ANTON","357","0","0","292","0","0","62","0","0","3","0","0"
"2024 Presidential Election","BUTLER","Auditor General","Statewide","Constitution Party","BOB GOODRICH","1,122","0","0","909","0","0","210","0","0","3","0","0"
"2024 Presidential Election","BUTLER","State Treasurer","Statewide","Democratic","ERIN MCCLELLAND","35,526","0","0","21,089","0","0","14,183","0","0","254","0","0"
"2024 Presidential Election","BUTLER","State Treasurer","Statewide","Republican","STACY GARRITY","80,317","0","0","64,261","0","0","15,683","0","0","373","0","0"
"2024 Presidential Election","BUTLER","State Treasurer","Statewide","Libertarian","NICKOLAS CIESIELSKI","1,851","0","0","1,546","0","0","295","0","0","10","0","0"
"2024 Presidential Election","BUTLER","State Treasurer","Statewide","Constitution Party","TROY BOWMAN","745","0","0","614","0","0","130","0","0","1","0","0"
"2024 Presidential Election","BUTLER","State Treasurer","Statewide","Forward Party","CHRIS FOSTER","370","0","0","261","0","0","105","0","0","4","0","0"
"2024 Presidential Election","BUTLER","Representative in Congress","16th Congressional District","Democratic","PRESTON NOURI","36,777","0","0","21,946","0","0","14,580","0","0","251","0","0"
"2024 Presidential Election","BUTLER","Representative in Congress","16th Congressional District","Republican","MIKE KELLY","83,045","0","0","66,319","0","0","16,332","0","0","394","0","0"
"2024 Presidential Election","BUTLER","Senator in the General Assembly","21st Senatorial District","Republican","SCOTT E HUTCHINSON","54,765","0","0","44,897","0","0","9,610","0","0","258","0","0"
"2024 Presidential Election","BUTLER","Senator in the General Assembly","47th Senatorial District","Democratic","KATE LENNEN","19,349","0","0","11,382","0","0","7,826","0","0","141","0","0"
"2024 Presidential Election","BUTLER","Senator in the General Assembly","47th Senatorial District","Republican","ELDER VOGEL JR","33,122","0","0","25,017","0","0","7,927","0","0","178","0","0"
"2024 Presidential Election","BUTLER","Representative in the General Assembly","8th Legislative District","Republican","AARON BERNSTINE","23,182","0","0","18,388","0","0","4,711","0","0","83","0","0"
"2024 Presidential Election","BUTLER","Representative in the General Assembly","11th Legislative District","Republican","MARCI MUSTELLO","29,484","0","0","23,665","0","0","5,680","0","0","139","0","0"
"2024 Presidential Election","BUTLER","Representative in the General Assembly","11th Legislative District","Libertarian","JUSTIN KONCHAR","4,397","0","0","3,162","0","0","1,199","0","0","36","0","0"
"2024 Presidential Election","BUTLER","Representative in the General Assembly","12th Legislative District","Democratic","ROBERT VIGUE","15,103","0","0","8,712","0","0","6,271","0","0","120","0","0"
"2024 Presidential Election","BUTLER","Representative in the General Assembly","12th Legislative District","Republican","STEPHENIE SCIALABBA","27,840","0","0","20,984","0","0","6,701","0","0","155","0","0"
"2024 Presidential Election","BUTLER","Representative in the General Assembly","17th Legislative District","Republican","TIM BONNER","8,759","0","0","7,643","0","0","1,069","0","0","47","0","0"
"2024 Presidential Election","CAMBRIA","President of the United States","Statewide","Democratic","KAMALA D HARRIS","21,177","0","0","13,416","0","0","7,541","0","0","220","0","0"
"2024 Presidential Election","CAMBRIA","President of the United States","Statewide","Republican","DONALD J TRUMP","49,408","0","0","41,647","0","0","7,328","0","0","433","0","0"
"2024 Presidential Election","CAMBRIA","President of the United States","Statewide","Libertarian","CHASE OLIVER","337","0","0","271","0","0","63","0","0","3","0","0"
"2024 Presidential Election","CAMBRIA","President of the United States","Statewide","Green Party","JILL STEIN","214","0","0","163","0","0","47","0","0","4","0","0"
"2024 Presidential Election","CAMBRIA","United States Senator","Statewide","Democratic","ROBERT P CASEY JR","22,887","0","0","14,861","0","0","7,798","0","0","228","0","0"
"2024 Presidential Election","CAMBRIA","United States Senator","Statewide","Republican","DAVE MCCORMICK","46,482","0","0","39,093","0","0","6,994","0","0","395","0","0"
"2024 Presidential Election","CAMBRIA","United States Senator","Statewide","Libertarian","JOHN C THOMAS","903","0","0","728","0","0","162","0","0","13","0","0"
"2024 Presidential Election","CAMBRIA","United States Senator","Statewide","Green Party","LEILA HAZOU","399","0","0","303","0","0","91","0","0","5","0","0"
"2024 Presidential Election","CAMBRIA","United States Senator","Statewide","Constitution Party","MARTY SELKER","333","0","0","265","0","0","61","0","0","7","0","0"
"2024 Presidential Election","CAMBRIA","Attorney General","Statewide","Democratic","EUGENE DEPASQUALE","20,022","0","0","13,009","0","0","6,810","0","0","203","0","0"
"2024 Presidential Election","CAMBRIA","Attorney General","Statewide","Republican","DAVE SUNDAY","48,314","0","0","40,210","0","0","7,711","0","0","393","0","0"
"2024 Presidential Election","CAMBRIA","Attorney General","Statewide","Libertarian","ROBERT COWBURN","831","0","0","704","0","0","108","0","0","19","0","0"
"2024 Presidential Election","CAMBRIA","Attorney General","Statewide","Green Party","RICHARD L WEISS","468","0","0","372","0","0","83","0","0","13","0","0"
"2024 Presidential Election","CAMBRIA","Attorney General","Statewide","Constitution Party","JUSTIN L MAGILL","409","0","0","343","0","0","61","0","0","5","0","0"
"2024 Presidential Election","CAMBRIA","Attorney General","Statewide","Forward Party","ERIC L SETTLE","172","0","0","140","0","0","29","0","0","3","0","0"
"2024 Presidential Election","CAMBRIA","Auditor General","Statewide","Democratic","MALCOLM KENYATTA","20,443","0","0","13,149","0","0","7,094","0","0","200","0","0"
"2024 Presidential Election","CAMBRIA","Auditor General","Statewide","Republican","TIM DEFOOR","47,005","0","0","39,340","0","0","7,279","0","0","386","0","0"
"2024 Presidential Election","CAMBRIA","Auditor General","Statewide","Libertarian","REECE SMITH","1,177","0","0","974","0","0","181","0","0","22","0","0"
"2024 Presidential Election","CAMBRIA","Auditor General","Statewide","American Solidarity Party","ERIC K ANTON","275","0","0","231","0","0","38","0","0","6","0","0"
"2024 Presidential Election","CAMBRIA","Auditor General","Statewide","Constitution Party","BOB GOODRICH","742","0","0","619","0","0","110","0","0","13","0","0"
"2024 Presidential Election","CAMBRIA","State Treasurer","Statewide","Democratic","ERIN MCCLELLAND","21,428","0","0","13,936","0","0","7,276","0","0","216","0","0"
"2024 Presidential Election","CAMBRIA","State Treasurer","Statewide","Republican","STACY GARRITY","46,569","0","0","39,009","0","0","7,178","0","0","382","0","0"
"2024 Presidential Election","CAMBRIA","State Treasurer","Statewide","Libertarian","NICKOLAS CIESIELSKI","918","0","0","764","0","0","138","0","0","16","0","0"
"2024 Presidential Election","CAMBRIA","State Treasurer","Statewide","Constitution Party","TROY BOWMAN","540","0","0","444","0","0","85","0","0","11","0","0"
"2024 Presidential Election","CAMBRIA","State Treasurer","Statewide","Forward Party","CHRIS FOSTER","318","0","0","258","0","0","55","0","0","5","0","0"
"2024 Presidential Election","CAMBRIA","Representative in Congress","13th Congressional District","Democratic","BETH FARNHAM","20,586","0","0","13,194","0","0","7,177","0","0","215","0","0"
"2024 Presidential Election","CAMBRIA","Representative in Congress","13th Congressional District","Republican","JOHN JOYCE","49,416","0","0","41,374","0","0","7,625","0","0","417","0","0"
"2024 Presidential Election","CAMBRIA","Senator in the General Assembly","35th Senatorial District","Republican","WAYNE LANGERHOLC JR","60,770","0","0","49,063","0","0","11,152","0","0","555","0","0"
"2024 Presidential Election","CAMBRIA","Representative in the General Assembly","71st Legislative District","Republican","JIM RIGBY","25,996","0","0","21,294","0","0","4,508","0","0","194","0","0"
"2024 Presidential Election","CAMBRIA","Representative in the General Assembly","72nd Legislative District","Democratic","FRANK BURNS","16,780","0","0","11,824","0","0","4,780","0","0","176","0","0"
"2024 Presidential Election","CAMBRIA","Representative in the General Assembly","72nd Legislative District","Republican","AMY BRADLEY","15,851","0","0","12,964","0","0","2,712","0","0","175","0","0"
"2024 Presidential Election","CAMBRIA","Representative in the General Assembly","73rd Legislative District","Republican","DALLAS KEPHART","7,374","0","0","6,208","0","0","1,108","0","0","58","0","0"
"2024 Presidential Election","CAMERON","President of the United States","Statewide","Democratic","KAMALA D HARRIS","538","0","0","321","0","0","215","0","0","2","0","0"
"2024 Presidential Election","CAMERON","President of the United States","Statewide","Republican","DONALD J TRUMP","1,654","0","0","1,312","0","0","338","0","0","4","0","0"
"2024 Presidential Election","CAMERON","President of the United States","Statewide","Libertarian","CHASE OLIVER","17","0","0","13","0","0","4","0","0","0","0","0"
"2024 Presidential Election","CAMERON","President of the United States","Statewide","Green Party","JILL STEIN","10","0","0","7","0","0","3","0","0","0","0","0"
"2024 Presidential Election","CAMERON","United States Senator","Statewide","Democratic","ROBERT P CASEY JR","580","0","0","351","0","0","227","0","0","2","0","0"
"2024 Presidential Election","CAMERON","United States Senator","Statewide","Republican","DAVE MCCORMICK","1,558","0","0","1,246","0","0","309","0","0","3","0","0"
"2024 Presidential Election","CAMERON","United States Senator","Statewide","Libertarian","JOHN C THOMAS","41","0","0","32","0","0","9","0","0","0","0","0"
"2024 Presidential Election","CAMERON","United States Senator","Statewide","Green Party","LEILA HAZOU","16","0","0","13","0","0","3","0","0","0","0","0"
"2024 Presidential Election","CAMERON","United States Senator","Statewide","Constitution Party","MARTY SELKER","19","0","0","12","0","0","7","0","0","0","0","0"
"2024 Presidential Election","CAMERON","Attorney General","Statewide","Democratic","EUGENE DEPASQUALE","477","0","0","289","0","0","186","0","0","2","0","0"
"2024 Presidential Election","CAMERON","Attorney General","Statewide","Republican","DAVE SUNDAY","1,638","0","0","1,293","0","0","342","0","0","3","0","0"
"2024 Presidential Election","CAMERON","Attorney General","Statewide","Libertarian","ROBERT COWBURN","44","0","0","38","0","0","6","0","0","0","0","0"
"2024 Presidential Election","CAMERON","Attorney General","Statewide","Green Party","RICHARD L WEISS","20","0","0","13","0","0","7","0","0","0","0","0"
"2024 Presidential Election","CAMERON","Attorney General","Statewide","Constitution Party","JUSTIN L MAGILL","12","0","0","11","0","0","1","0","0","0","0","0"
"2024 Presidential Election","CAMERON","Attorney General","Statewide","Forward Party","ERIC L SETTLE","9","0","0","5","0","0","4","0","0","0","0","0"
"2024 Presidential Election","CAMERON","Auditor General","Statewide","Democratic","MALCOLM KENYATTA","474","0","0","292","0","0","180","0","0","2","0","0"
"2024 Presidential Election","CAMERON","Auditor General","Statewide","Republican","TIM DEFOOR","1,615","0","0","1,269","0","0","343","0","0","3","0","0"
"2024 Presidential Election","CAMERON","Auditor General","Statewide","Libertarian","REECE SMITH","49","0","0","41","0","0","8","0","0","0","0","0"
"2024 Presidential Election","CAMERON","Auditor General","Statewide","American Solidarity Party","ERIC K ANTON","9","0","0","7","0","0","2","0","0","0","0","0"
"2024 Presidential Election","CAMERON","Auditor General","Statewide","Constitution Party","BOB GOODRICH","37","0","0","26","0","0","11","0","0","0","0","0"
"2024 Presidential Election","CAMERON","State Treasurer","Statewide","Democratic","ERIN MCCLELLAND","468","0","0","288","0","0","179","0","0","1","0","0"
"2024 Presidential Election","CAMERON","State Treasurer","Statewide","Republican","STACY GARRITY","1,652","0","0","1,303","0","0","345","0","0","4","0","0"
"2024 Presidential Election","CAMERON","State Treasurer","Statewide","Libertarian","NICKOLAS CIESIELSKI","32","0","0","26","0","0","6","0","0","0","0","0"
"2024 Presidential Election","CAMERON","State Treasurer","Statewide","Constitution Party","TROY BOWMAN","21","0","0","18","0","0","3","0","0","0","0","0"
"2024 Presidential Election","CAMERON","State Treasurer","Statewide","Forward Party","CHRIS FOSTER","13","0","0","6","0","0","7","0","0","0","0","0"
"2024 Presidential Election","CAMERON","Representative in Congress","15th Congressional District","Democratic","ZACH WOMER","453","0","0","276","0","0","176","0","0","1","0","0"
"2024 Presidential Election","CAMERON","Representative in Congress","15th Congressional District","Republican","GLENN GT THOMPSON","1,703","0","0","1,332","0","0","367","0","0","4","0","0"
"2024 Presidential Election","CAMERON","Senator in the General Assembly","25th Senatorial District","Democratic","WILLIAM MCGILL","496","0","0","304","0","0","191","0","0","1","0","0"
"2024 Presidential Election","CAMERON","Senator in the General Assembly","25th Senatorial District","Republican","CRIS DUSH","1,705","0","0","1,344","0","0","357","0","0","4","0","0"
"2024 Presidential Election","CAMERON","Representative in the General Assembly","67th Legislative District","Democratic","RAJEEV PRADHAN","369","0","0","230","0","0","138","0","0","1","0","0"
"2024 Presidential Election","CAMERON","Representative in the General Assembly","67th Legislative District","Republican","MARTIN T CAUSER","1,841","0","0","1,426","0","0","412","0","0","3","0","0"
"2024 Presidential Election","CARBON","President of the United States","Statewide","Democratic","KAMALA D HARRIS","11,394","0","0","7,270","0","0","4,027","0","0","97","0","0"
"2024 Presidential Election","CARBON","President of the United States","Statewide","Republican","DONALD J TRUMP","23,708","0","0","20,326","0","0","3,208","0","0","174","0","0"
"2024 Presidential Election","CARBON","President of the United States","Statewide","Libertarian","CHASE OLIVER","171","0","0","136","0","0","35","0","0","0","0","0"
"2024 Presidential Election","CARBON","President of the United States","Statewide","Green Party","JILL STEIN","122","0","0","95","0","0","26","0","0","1","0","0"
"2024 Presidential Election","CARBON","United States Senator","Statewide","Democratic","ROBERT P CASEY JR","11,570","0","0","7,501","0","0","3,977","0","0","92","0","0"
"2024 Presidential Election","CARBON","United States Senator","Statewide","Republican","DAVE MCCORMICK","22,603","0","0","19,360","0","0","3,083","0","0","160","0","0"
"2024 Presidential Election","CARBON","United States Senator","Statewide","Libertarian","JOHN C THOMAS","508","0","0","423","0","0","76","0","0","9","0","0"
"2024 Presidential Election","CARBON","United States Senator","Statewide","Green Party","LEILA HAZOU","271","0","0","199","0","0","69","0","0","3","0","0"
"2024 Presidential Election","CARBON","United States Senator","Statewide","Constitution Party","MARTY SELKER","119","0","0","96","0","0","22","0","0","1","0","0"
"2024 Presidential Election","CARBON","Attorney General","Statewide","Democratic","EUGENE DEPASQUALE","11,024","0","0","7,110","0","0","3,825","0","0","89","0","0"
"2024 Presidential Election","CARBON","Attorney General","Statewide","Republican","DAVE SUNDAY","22,387","0","0","19,100","0","0","3,133","0","0","154","0","0"
"2024 Presidential Election","CARBON","Attorney General","Statewide","Libertarian","ROBERT COWBURN","573","0","0","487","0","0","79","0","0","7","0","0"
"2024 Presidential Election","CARBON","Attorney General","Statewide","Green Party","RICHARD L WEISS","330","0","0","270","0","0","54","0","0","6","0","0"
"2024 Presidential Election","CARBON","Attorney General","Statewide","Constitution Party","JUSTIN L MAGILL","217","0","0","187","0","0","27","0","0","3","0","0"
"2024 Presidential Election","CARBON","Attorney General","Statewide","Forward Party","ERIC L SETTLE","74","0","0","54","0","0","20","0","0","0","0","0"
"2024 Presidential Election","CARBON","Auditor General","Statewide","Democratic","MALCOLM KENYATTA","10,469","0","0","6,653","0","0","3,734","0","0","82","0","0"
"2024 Presidential Election","CARBON","Auditor General","Statewide","Republican","TIM DEFOOR","22,287","0","0","18,997","0","0","3,141","0","0","149","0","0"
"2024 Presidential Election","CARBON","Auditor General","Statewide","Libertarian","REECE SMITH","701","0","0","581","0","0","111","0","0","9","0","0"
"2024 Presidential Election","CARBON","Auditor General","Statewide","American Solidarity Party","ERIC K ANTON","111","0","0","100","0","0","10","0","0","1","0","0"
"2024 Presidential Election","CARBON","Auditor General","Statewide","Constitution Party","BOB GOODRICH","332","0","0","269","0","0","59","0","0","4","0","0"
"2024 Presidential Election","CARBON","State Treasurer","Statewide","Democratic","ERIN MCCLELLAND","10,390","0","0","6,619","0","0","3,689","0","0","82","0","0"
"2024 Presidential Election","CARBON","State Treasurer","Statewide","Republican","STACY GARRITY","22,619","0","0","19,249","0","0","3,221","0","0","149","0","0"
"2024 Presidential Election","CARBON","State Treasurer","Statewide","Libertarian","NICKOLAS CIESIELSKI","541","0","0","457","0","0","74","0","0","10","0","0"
"2024 Presidential Election","CARBON","State Treasurer","Statewide","Constitution Party","TROY BOWMAN","302","0","0","254","0","0","46","0","0","2","0","0"
"2024 Presidential Election","CARBON","State Treasurer","Statewide","Forward Party","CHRIS FOSTER","110","0","0","83","0","0","25","0","0","2","0","0"
"2024 Presidential Election","CARBON","Representative in Congress","7th Congressional District","Democratic","SUSAN WILD","11,614","0","0","7,499","0","0","4,022","0","0","93","0","0"
"2024 Presidential Election","CARBON","Representative in Congress","7th Congressional District","Republican","RYAN E MACKENZIE","22,813","0","0","19,517","0","0","3,130","0","0","166","0","0"
"2024 Presidential Election","CARBON","Senator in the General Assembly","29th Senatorial District","Democratic","JOHN ZUGAREK","9,622","0","0","6,103","0","0","3,438","0","0","81","0","0"
"2024 Presidential Election","CARBON","Senator in the General Assembly","29th Senatorial District","Republican","DAVE ARGALL","22,778","0","0","19,168","0","0","3,466","0","0","144","0","0"
"2024 Presidential Election","CARBON","Senator in the General Assembly","29th Senatorial District","Libertarian","TIMOTHY HENNING","754","0","0","625","0","0","120","0","0","9","0","0"
"2024 Presidential Election","CARBON","Representative in the General Assembly","122nd Legislative District","Republican","DOYLE HEFFLEY","28,006","0","0","22,827","0","0","4,983","0","0","196","0","0"
"2024 Presidential Election","CENTRE","President of the United States","Statewide","Democratic","KAMALA D HARRIS","41,119","0","0","25,153","0","0","15,721","0","0","245","0","0"
"2024 Presidential Election","CENTRE","President of the United States","Statewide","Republican","DONALD J TRUMP","38,829","0","0","30,782","0","0","7,877","0","0","170","0","0"
"2024 Presidential Election","CENTRE","President of the United States","Statewide","Libertarian","CHASE OLIVER","470","0","0","366","0","0","104","0","0","0","0","0"
"2024 Presidential Election","CENTRE","President of the United States","Statewide","Green Party","JILL STEIN","374","0","0","251","0","0","117","0","0","6","0","0"
"2024 Presidential Election","CENTRE","United States Senator","Statewide","Democratic","ROBERT P CASEY JR","40,382","0","0","24,758","0","0","15,386","0","0","238","0","0"
"2024 Presidential Election","CENTRE","United States Senator","Statewide","Republican","DAVE MCCORMICK","38,054","0","0","30,033","0","0","7,860","0","0","161","0","0"
"2024 Presidential Election","CENTRE","United States Senator","Statewide","Libertarian","JOHN C THOMAS","1,044","0","0","819","0","0","218","0","0","7","0","0"
"2024 Presidential Election","CENTRE","United States Senator","Statewide","Green Party","LEILA HAZOU","701","0","0","464","0","0","229","0","0","8","0","0"
"2024 Presidential Election","CENTRE","United States Senator","Statewide","Constitution Party","MARTY SELKER","234","0","0","160","0","0","73","0","0","1","0","0"
"2024 Presidential Election","CENTRE","Attorney General","Statewide","Democratic","EUGENE DEPASQUALE","37,544","0","0","23,117","0","0","14,205","0","0","222","0","0"
"2024 Presidential Election","CENTRE","Attorney General","Statewide","Republican","DAVE SUNDAY","39,652","0","0","30,967","0","0","8,517","0","0","168","0","0"
"2024 Presidential Election","CENTRE","Attorney General","Statewide","Libertarian","ROBERT COWBURN","1,032","0","0","828","0","0","195","0","0","9","0","0"
"2024 Presidential Election","CENTRE","Attorney General","Statewide","Green Party","RICHARD L WEISS","691","0","0","495","0","0","188","0","0","8","0","0"
"2024 Presidential Election","CENTRE","Attorney General","Statewide","Constitution Party","JUSTIN L MAGILL","262","0","0","210","0","0","52","0","0","0","0","0"
"2024 Presidential Election","CENTRE","Attorney General","Statewide","Forward Party","ERIC L SETTLE","234","0","0","136","0","0","96","0","0","2","0","0"
"2024 Presidential Election","CENTRE","Auditor General","Statewide","Democratic","MALCOLM KENYATTA","37,309","0","0","22,956","0","0","14,126","0","0","227","0","0"
"2024 Presidential Election","CENTRE","Auditor General","Statewide","Republican","TIM DEFOOR","39,318","0","0","30,643","0","0","8,516","0","0","159","0","0"
"2024 Presidential Election","CENTRE","Auditor General","Statewide","Libertarian","REECE SMITH","1,521","0","0","1,191","0","0","316","0","0","14","0","0"
"2024 Presidential Election","CENTRE","Auditor General","Statewide","American Solidarity Party","ERIC K ANTON","206","0","0","155","0","0","49","0","0","2","0","0"
"2024 Presidential Election","CENTRE","Auditor General","Statewide","Constitution Party","BOB GOODRICH","497","0","0","396","0","0","100","0","0","1","0","0"
"2024 Presidential Election","CENTRE","State Treasurer","Statewide","Democratic","ERIN MCCLELLAND","37,125","0","0","22,814","0","0","14,085","0","0","226","0","0"
"2024 Presidential Election","CENTRE","State Treasurer","Statewide","Republican","STACY GARRITY","39,819","0","0","31,084","0","0","8,575","0","0","160","0","0"
"2024 Presidential Election","CENTRE","State Treasurer","Statewide","Libertarian","NICKOLAS CIESIELSKI","1,125","0","0","888","0","0","226","0","0","11","0","0"
"2024 Presidential Election","CENTRE","State Treasurer","Statewide","Constitution Party","TROY BOWMAN","440","0","0","356","0","0","81","0","0","3","0","0"
"2024 Presidential Election","CENTRE","State Treasurer","Statewide","Forward Party","CHRIS FOSTER","322","0","0","199","0","0","119","0","0","4","0","0"
"2024 Presidential Election","CENTRE","Representative in Congress","15th Congressional District","Democratic","ZACH WOMER","38,307","0","0","23,422","0","0","14,652","0","0","233","0","0"
"2024 Presidential Election","CENTRE","Representative in Congress","15th Congressional District","Republican","GLENN GT THOMPSON","41,234","0","0","32,215","0","0","8,849","0","0","170","0","0"
"2024 Presidential Election","CENTRE","Senator in the General Assembly","25th Senatorial District","Democratic","WILLIAM MCGILL","25,704","0","0","16,222","0","0","9,336","0","0","146","0","0"
"2024 Presidential Election","CENTRE","Senator in the General Assembly","25th Senatorial District","Republican","CRIS DUSH","27,522","0","0","21,762","0","0","5,649","0","0","111","0","0"
"2024 Presidential Election","CENTRE","Senator in the General Assembly","35th Senatorial District","Republican","WAYNE LANGERHOLC JR","15,886","0","0","11,634","0","0","4,159","0","0","93","0","0"
"2024 Presidential Election","CENTRE","Representative in the General Assembly","77th Legislative District","Democratic","H SCOTT CONKLIN","18,548","0","0","11,542","0","0","6,886","0","0","120","0","0"
"2024 Presidential Election","CENTRE","Representative in the General Assembly","77th Legislative District","Republican","MARIE LIBRIZZI","11,682","0","0","9,107","0","0","2,504","0","0","71","0","0"
"2024 Presidential Election","CENTRE","Representative in the General Assembly","82nd Legislative District","Democratic","PAUL TAKAC","16,558","0","0","10,505","0","0","5,960","0","0","93","0","0"
"2024 Presidential Election","CENTRE","Representative in the General Assembly","82nd Legislative District","Republican","THERESE HOLLEN","14,221","0","0","11,170","0","0","2,994","0","0","57","0","0"
"2024 Presidential Election","CENTRE","Representative in the General Assembly","171st Legislative District","Republican","KERRY A  BENNINGHOFF","14,840","0","0","11,311","0","0","3,487","0","0","42","0","0"
"2024 Presidential Election","CHESTER","President of the United States","Statewide","Democratic","KAMALA D HARRIS","184,281","0","0","106,691","0","0","76,059","0","0","1,531","0","0"
"2024 Presidential Election","CHESTER","President of the United States","Statewide","Republican","DONALD J TRUMP","137,299","0","0","104,186","0","0","32,176","0","0","937","0","0"
"2024 Presidential Election","CHESTER","President of the United States","Statewide","Libertarian","CHASE OLIVER","1,776","0","0","1,261","0","0","502","0","0","13","0","0"
"2024 Presidential Election","CHESTER","President of the United States","Statewide","Green Party","JILL STEIN","1,608","0","0","1,083","0","0","508","0","0","17","0","0"
"2024 Presidential Election","CHESTER","United States Senator","Statewide","Democratic","ROBERT P CASEY JR","178,833","0","0","103,472","0","0","73,905","0","0","1,456","0","0"
"2024 Presidential Election","CHESTER","United States Senator","Statewide","Republican","DAVE MCCORMICK","138,270","0","0","104,206","0","0","33,144","0","0","920","0","0"
"2024 Presidential Election","CHESTER","United States Senator","Statewide","Libertarian","JOHN C THOMAS","3,887","0","0","2,984","0","0","871","0","0","32","0","0"
"2024 Presidential Election","CHESTER","United States Senator","Statewide","Green Party","LEILA HAZOU","2,869","0","0","1,823","0","0","997","0","0","49","0","0"
"2024 Presidential Election","CHESTER","United States Senator","Statewide","Constitution Party","MARTY SELKER","796","0","0","605","0","0","182","0","0","9","0","0"
"2024 Presidential Election","CHESTER","Attorney General","Statewide","Democratic","EUGENE DEPASQUALE","165,588","0","0","95,494","0","0","68,717","0","0","1,377","0","0"
"2024 Presidential Election","CHESTER","Attorney General","Statewide","Republican","DAVE SUNDAY","147,799","0","0","110,315","0","0","36,517","0","0","967","0","0"
"2024 Presidential Election","CHESTER","Attorney General","Statewide","Libertarian","ROBERT COWBURN","3,876","0","0","3,025","0","0","814","0","0","37","0","0"
"2024 Presidential Election","CHESTER","Attorney General","Statewide","Green Party","RICHARD L WEISS","2,787","0","0","1,891","0","0","849","0","0","47","0","0"
"2024 Presidential Election","CHESTER","Attorney General","Statewide","Constitution Party","JUSTIN L MAGILL","950","0","0","739","0","0","197","0","0","14","0","0"
"2024 Presidential Election","CHESTER","Attorney General","Statewide","Forward Party","ERIC L SETTLE","868","0","0","511","0","0","347","0","0","10","0","0"
"2024 Presidential Election","CHESTER","Auditor General","Statewide","Democratic","MALCOLM KENYATTA","165,494","0","0","95,827","0","0","68,269","0","0","1,398","0","0"
"2024 Presidential Election","CHESTER","Auditor General","Statewide","Republican","TIM DEFOOR","147,269","0","0","109,331","0","0","36,997","0","0","941","0","0"
"2024 Presidential Election","CHESTER","Auditor General","Statewide","Libertarian","REECE SMITH","5,525","0","0","4,183","0","0","1,287","0","0","55","0","0"
"2024 Presidential Election","CHESTER","Auditor General","Statewide","American Solidarity Party","ERIC K ANTON","688","0","0","520","0","0","150","0","0","18","0","0"
"2024 Presidential Election","CHESTER","Auditor General","Statewide","Constitution Party","BOB GOODRICH","1,784","0","0","1,397","0","0","366","0","0","21","0","0"
"2024 Presidential Election","CHESTER","State Treasurer","Statewide","Democratic","ERIN MCCLELLAND","164,900","0","0","95,214","0","0","68,307","0","0","1,379","0","0"
"2024 Presidential Election","CHESTER","State Treasurer","Statewide","Republican","STACY GARRITY","148,699","0","0","110,926","0","0","36,801","0","0","972","0","0"
"2024 Presidential Election","CHESTER","State Treasurer","Statewide","Libertarian","NICKOLAS CIESIELSKI","4,368","0","0","3,333","0","0","1,001","0","0","34","0","0"
"2024 Presidential Election","CHESTER","State Treasurer","Statewide","Constitution Party","TROY BOWMAN","1,322","0","0","1,055","0","0","250","0","0","17","0","0"
"2024 Presidential Election","CHESTER","State Treasurer","Statewide","Forward Party","CHRIS FOSTER","1,094","0","0","656","0","0","420","0","0","18","0","0"
"2024 Presidential Election","CHESTER","Representative in Congress","5th Congressional District","Democratic","MARY GAY SCANLON","0","0","0","0","0","0","0","0","0","0","0","0"
"2024 Presidential Election","CHESTER","Representative in Congress","5th Congressional District","Republican","ALFEIA GOODWIN","0","0","0","0","0","0","0","0","0","0","0","0"
"2024 Presidential Election","CHESTER","Representative in Congress","6th Congressional District","Democratic","CHRISSY HOULAHAN","184,156","0","0","107,012","0","0","75,624","0","0","1,520","0","0"
"2024 Presidential Election","CHESTER","Representative in Congress","6th Congressional District","Republican","NEIL YOUNG","139,164","0","0","105,142","0","0","33,089","0","0","933","0","0"
"2024 Presidential Election","CHESTER","Senator in the General Assembly","9th Senatorial District","Democratic","JOHN I KANE","26,425","0","0","15,238","0","0","10,982","0","0","205","0","0"
"2024 Presidential Election","CHESTER","Senator in the General Assembly","9th Senatorial District","Republican","MIKE WOODIN","22,539","0","0","16,953","0","0","5,442","0","0","144","0","0"
"2024 Presidential Election","CHESTER","Senator in the General Assembly","19th Senatorial District","Democratic","CAROLYN COMITTA","84,630","0","0","50,243","0","0","33,674","0","0","713","0","0"
"2024 Presidential Election","CHESTER","Senator in the General Assembly","19th Senatorial District","Republican","DUANE MILNE","65,120","0","0","48,583","0","0","16,108","0","0","429","0","0"
"2024 Presidential Election","CHESTER","Representative in the General Assembly","13th Legislative District","Democratic","CRISTIAN LUNA","14,891","0","0","9,112","0","0","5,677","0","0","102","0","0"
"2024 Presidential Election","CHESTER","Representative in the General Assembly","13th Legislative District","Republican","JOHN LAWRENCE","20,572","0","0","16,041","0","0","4,445","0","0","86","0","0"
"2024 Presidential Election","CHESTER","Representative in the General Assembly","26th Legislative District","Democratic","PAUL FRIEL","22,421","0","0","13,965","0","0","8,275","0","0","181","0","0"
"2024 Presidential Election","CHESTER","Representative in the General Assembly","26th Legislative District","Republican","SHAWN BLICKLEY","16,675","0","0","13,371","0","0","3,199","0","0","105","0","0"
"2024 Presidential Election","CHESTER","Representative in the General Assembly","74th Legislative District","Democratic","DAN WILLIAMS","17,667","0","0","10,758","0","0","6,691","0","0","218","0","0"
"2024 Presidential Election","CHESTER","Representative in the General Assembly","74th Legislative District","Republican","DALE HENSEL","14,428","0","0","11,258","0","0","3,069","0","0","101","0","0"
"2024 Presidential Election","CHESTER","Representative in the General Assembly","155th Legislative District","Democratic","DANIELLE FRIEL OTTEN","23,362","0","0","13,142","0","0","10,064","0","0","156","0","0"
"2024 Presidential Election","CHESTER","Representative in the General Assembly","155th Legislative District","Republican","RODNEY SIMON","17,396","0","0","12,812","0","0","4,496","0","0","88","0","0"
"2024 Presidential Election","CHESTER","Representative in the General Assembly","156th Legislative District","Democratic","CHRIS PIELLI","22,786","0","0","13,858","0","0","8,737","0","0","191","0","0"
"2024 Presidential Election","CHESTER","Representative in the General Assembly","156th Legislative District","Republican","KRIS R VOLLRATH","16,059","0","0","11,918","0","0","4,029","0","0","112","0","0"
"2024 Presidential Election","CHESTER","Representative in the General Assembly","157th Legislative District","Democratic","MELISSA SHUSTERMAN","25,141","0","0","14,234","0","0","10,734","0","0","173","0","0"
"2024 Presidential Election","CHESTER","Representative in the General Assembly","157th Legislative District","Republican","REGINA MAURO","16,408","0","0","11,810","0","0","4,491","0","0","107","0","0"
"2024 Presidential Election","CHESTER","Representative in the General Assembly","158th Legislative District","Democratic","CHRISTINA D SAPPEY","22,052","0","0","12,775","0","0","9,121","0","0","156","0","0"
"2024 Presidential Election","CHESTER","Representative in the General Assembly","158th Legislative District","Republican","TINA AYALA","15,983","0","0","12,067","0","0","3,824","0","0","92","0","0"
"2024 Presidential Election","CHESTER","Representative in the General Assembly","160th Legislative District","Democratic","ELIZABETH R MORO","8,034","0","0","4,544","0","0","3,425","0","0","65","0","0"
"2024 Presidential Election","CHESTER","Representative in the General Assembly","160th Legislative District","Republican","CRAIG WILLIAMS","7,371","0","0","5,396","0","0","1,923","0","0","52","0","0"
"2024 Presidential Election","CHESTER","Representative in the General Assembly","167th Legislative District","Democratic","KRISTINE HOWARD","23,301","0","0","12,689","0","0","10,438","0","0","174","0","0"
"2024 Presidential Election","CHESTER","Representative in the General Assembly","167th Legislative District","Republican","MELISSA DICRANIAN","16,484","0","0","11,750","0","0","4,607","0","0","127","0","0"
"2024 Presidential Election","CLARION","President of the United States","Statewide","Democratic","KAMALA D HARRIS","4,562","0","0","2,944","0","0","1,607","0","0","11","0","0"
"2024 Presidential Election","CLARION","President of the United States","Statewide","Republican","DONALD J TRUMP","15,036","0","0","12,679","0","0","2,328","0","0","29","0","0"
"2024 Presidential Election","CLARION","President of the United States","Statewide","Libertarian","CHASE OLIVER","91","0","0","68","0","0","23","0","0","0","0","0"
"2024 Presidential Election","CLARION","President of the United States","Statewide","Green Party","JILL STEIN","44","0","0","34","0","0","9","0","0","1","0","0"
"2024 Presidential Election","CLARION","United States Senator","Statewide","Democratic","ROBERT P CASEY JR","4,684","0","0","3,074","0","0","1,602","0","0","8","0","0"
"2024 Presidential Election","CLARION","United States Senator","Statewide","Republican","DAVE MCCORMICK","14,180","0","0","11,927","0","0","2,223","0","0","30","0","0"
"2024 Presidential Election","CLARION","United States Senator","Statewide","Libertarian","JOHN C THOMAS","311","0","0","264","0","0","46","0","0","1","0","0"
"2024 Presidential Election","CLARION","United States Senator","Statewide","Green Party","LEILA HAZOU","90","0","0","72","0","0","18","0","0","0","0","0"
"2024 Presidential Election","CLARION","United States Senator","Statewide","Constitution Party","MARTY SELKER","414","0","0","350","0","0","63","0","0","1","0","0"
"2024 Presidential Election","CLARION","Attorney General","Statewide","Democratic","EUGENE DEPASQUALE","4,265","0","0","2,739","0","0","1,516","0","0","10","0","0"
"2024 Presidential Election","CLARION","Attorney General","Statewide","Republican","DAVE SUNDAY","14,647","0","0","12,312","0","0","2,307","0","0","28","0","0"
"2024 Presidential Election","CLARION","Attorney General","Statewide","Libertarian","ROBERT COWBURN","290","0","0","246","0","0","43","0","0","1","0","0"
"2024 Presidential Election","CLARION","Attorney General","Statewide","Green Party","RICHARD L WEISS","157","0","0","139","0","0","17","0","0","1","0","0"
"2024 Presidential Election","CLARION","Attorney General","Statewide","Constitution Party","JUSTIN L MAGILL","153","0","0","126","0","0","27","0","0","0","0","0"
"2024 Presidential Election","CLARION","Attorney General","Statewide","Forward Party","ERIC L SETTLE","49","0","0","32","0","0","16","0","0","1","0","0"
"2024 Presidential Election","CLARION","Auditor General","Statewide","Democratic","MALCOLM KENYATTA","4,072","0","0","2,599","0","0","1,461","0","0","12","0","0"
"2024 Presidential Election","CLARION","Auditor General","Statewide","Republican","TIM DEFOOR","14,218","0","0","11,881","0","0","2,313","0","0","24","0","0"
"2024 Presidential Election","CLARION","Auditor General","Statewide","Libertarian","REECE SMITH","380","0","0","314","0","0","61","0","0","5","0","0"
"2024 Presidential Election","CLARION","Auditor General","Statewide","American Solidarity Party","ERIC K ANTON","56","0","0","51","0","0","5","0","0","0","0","0"
"2024 Presidential Election","CLARION","Auditor General","Statewide","Constitution Party","BOB GOODRICH","235","0","0","196","0","0","38","0","0","1","0","0"
"2024 Presidential Election","CLARION","State Treasurer","Statewide","Democratic","ERIN MCCLELLAND","4,023","0","0","2,547","0","0","1,466","0","0","10","0","0"
"2024 Presidential Election","CLARION","State Treasurer","Statewide","Republican","STACY GARRITY","14,460","0","0","12,113","0","0","2,315","0","0","32","0","0"
"2024 Presidential Election","CLARION","State Treasurer","Statewide","Libertarian","NICKOLAS CIESIELSKI","241","0","0","201","0","0","40","0","0","0","0","0"
"2024 Presidential Election","CLARION","State Treasurer","Statewide","Constitution Party","TROY BOWMAN","182","0","0","153","0","0","29","0","0","0","0","0"
"2024 Presidential Election","CLARION","State Treasurer","Statewide","Forward Party","CHRIS FOSTER","58","0","0","42","0","0","16","0","0","0","0","0"
"2024 Presidential Election","CLARION","Representative in Congress","15th Congressional District","Democratic","ZACH WOMER","4,002","0","0","2,541","0","0","1,452","0","0","9","0","0"
"2024 Presidential Election","CLARION","Representative in Congress","15th Congressional District","Republican","GLENN GT THOMPSON","14,997","0","0","12,538","0","0","2,427","0","0","32","0","0"
"2024 Presidential Election","CLARION","Senator in the General Assembly","21st Senatorial District","Republican","SCOTT E HUTCHINSON","15,793","0","0","12,904","0","0","2,854","0","0","35","0","0"
"2024 Presidential Election","CLARION","Representative in the General Assembly","63rd Legislative District","Democratic","PAT RITCHIE","3,934","0","0","2,512","0","0","1,413","0","0","9","0","0"
"2024 Presidential Election","CLARION","Representative in the General Assembly","63rd Legislative District","Republican","JOSH BASHLINE","14,930","0","0","12,479","0","0","2,418","0","0","33","0","0"
"2024 Presidential Election","CLEARFIELD","President of the United States","Statewide","Democratic","KAMALA D HARRIS","9,647","0","0","6,207","0","0","3,413","0","0","27","0","0"
"2024 Presidential Election","CLEARFIELD","President of the United States","Statewide","Republican","DONALD J TRUMP","30,481","0","0","26,219","0","0","4,169","0","0","93","0","0"
"2024 Presidential Election","CLEARFIELD","President of the United States","Statewide","Libertarian","CHASE OLIVER","183","0","0","137","0","0","45","0","0","1","0","0"
"2024 Presidential Election","CLEARFIELD","President of the United States","Statewide","Green Party","JILL STEIN","119","0","0","84","0","0","35","0","0","0","0","0"
"2024 Presidential Election","CLEARFIELD","United States Senator","Statewide","Democratic","ROBERT P CASEY JR","10,111","0","0","6,612","0","0","3,474","0","0","25","0","0"
"2024 Presidential Election","CLEARFIELD","United States Senator","Statewide","Republican","DAVE MCCORMICK","29,063","0","0","25,019","0","0","3,959","0","0","85","0","0"
"2024 Presidential Election","CLEARFIELD","United States Senator","Statewide","Libertarian","JOHN C THOMAS","598","0","0","495","0","0","100","0","0","3","0","0"
"2024 Presidential Election","CLEARFIELD","United States Senator","Statewide","Green Party","LEILA HAZOU","221","0","0","158","0","0","60","0","0","3","0","0"
"2024 Presidential Election","CLEARFIELD","United States Senator","Statewide","Constitution Party","MARTY SELKER","219","0","0","179","0","0","38","0","0","2","0","0"
"2024 Presidential Election","CLEARFIELD","Attorney General","Statewide","Democratic","EUGENE DEPASQUALE","8,819","0","0","5,733","0","0","3,058","0","0","28","0","0"
"2024 Presidential Election","CLEARFIELD","Attorney General","Statewide","Republican","DAVE SUNDAY","29,885","0","0","25,494","0","0","4,307","0","0","84","0","0"
"2024 Presidential Election","CLEARFIELD","Attorney General","Statewide","Libertarian","ROBERT COWBURN","576","0","0","488","0","0","84","0","0","4","0","0"
"2024 Presidential Election","CLEARFIELD","Attorney General","Statewide","Green Party","RICHARD L WEISS","277","0","0","226","0","0","50","0","0","1","0","0"
"2024 Presidential Election","CLEARFIELD","Attorney General","Statewide","Constitution Party","JUSTIN L MAGILL","261","0","0","214","0","0","46","0","0","1","0","0"
"2024 Presidential Election","CLEARFIELD","Attorney General","Statewide","Forward Party","ERIC L SETTLE","67","0","0","52","0","0","15","0","0","0","0","0"
"2024 Presidential Election","CLEARFIELD","Auditor General","Statewide","Democratic","MALCOLM KENYATTA","8,855","0","0","5,695","0","0","3,135","0","0","25","0","0"
"2024 Presidential Election","CLEARFIELD","Auditor General","Statewide","Republican","TIM DEFOOR","29,428","0","0","25,171","0","0","4,174","0","0","83","0","0"
"2024 Presidential Election","CLEARFIELD","Auditor General","Statewide","Libertarian","REECE SMITH","685","0","0","569","0","0","113","0","0","3","0","0"
"2024 Presidential Election","CLEARFIELD","Auditor General","Statewide","American Solidarity Party","ERIC K ANTON","141","0","0","123","0","0","18","0","0","0","0","0"
"2024 Presidential Election","CLEARFIELD","Auditor General","Statewide","Constitution Party","BOB GOODRICH","438","0","0","376","0","0","59","0","0","3","0","0"
"2024 Presidential Election","CLEARFIELD","State Treasurer","Statewide","Democratic","ERIN MCCLELLAND","9,139","0","0","5,959","0","0","3,154","0","0","26","0","0"
"2024 Presidential Election","CLEARFIELD","State Treasurer","Statewide","Republican","STACY GARRITY","29,248","0","0","25,047","0","0","4,117","0","0","84","0","0"
"2024 Presidential Election","CLEARFIELD","State Treasurer","Statewide","Libertarian","NICKOLAS CIESIELSKI","531","0","0","439","0","0","90","0","0","2","0","0"
"2024 Presidential Election","CLEARFIELD","State Treasurer","Statewide","Constitution Party","TROY BOWMAN","345","0","0","305","0","0","40","0","0","0","0","0"
"2024 Presidential Election","CLEARFIELD","State Treasurer","Statewide","Forward Party","CHRIS FOSTER","151","0","0","117","0","0","33","0","0","1","0","0"
"2024 Presidential Election","CLEARFIELD","Representative in Congress","15th Congressional District","Democratic","ZACH WOMER","8,622","0","0","5,555","0","0","3,040","0","0","27","0","0"
"2024 Presidential Election","CLEARFIELD","Representative in Congress","15th Congressional District","Republican","GLENN GT THOMPSON","31,266","0","0","26,631","0","0","4,547","0","0","88","0","0"
"2024 Presidential Election","CLEARFIELD","Senator in the General Assembly","35th Senatorial District","Republican","WAYNE LANGERHOLC JR","34,233","0","0","28,520","0","0","5,615","0","0","98","0","0"
"2024 Presidential Election","CLEARFIELD","Representative in the General Assembly","73rd Legislative District","Republican","DALLAS KEPHART","21,091","0","0","17,664","0","0","3,363","0","0","64","0","0"
"2024 Presidential Election","CLEARFIELD","Representative in the General Assembly","75th Legislative District","Republican","MIKE ARMANINI","14,873","0","0","12,223","0","0","2,609","0","0","41","0","0"
"2024 Presidential Election","CLINTON","President of the United States","Statewide","Democratic","KAMALA D HARRIS","5,395","0","0","3,464","0","0","1,910","0","0","21","0","0"
"2024 Presidential Election","CLINTON","President of the United States","Statewide","Republican","DONALD J TRUMP","12,965","0","0","10,684","0","0","2,226","0","0","55","0","0"
"2024 Presidential Election","CLINTON","President of the United States","Statewide","Libertarian","CHASE OLIVER","100","0","0","81","0","0","19","0","0","0","0","0"
"2024 Presidential Election","CLINTON","President of the United States","Statewide","Green Party","JILL STEIN","62","0","0","44","0","0","18","0","0","0","0","0"
"2024 Presidential Election","CLINTON","United States Senator","Statewide","Democratic","ROBERT P CASEY JR","5,722","0","0","3,758","0","0","1,942","0","0","22","0","0"
"2024 Presidential Election","CLINTON","United States Senator","Statewide","Republican","DAVE MCCORMICK","12,250","0","0","10,085","0","0","2,116","0","0","49","0","0"
"2024 Presidential Election","CLINTON","United States Senator","Statewide","Libertarian","JOHN C THOMAS","264","0","0","227","0","0","37","0","0","0","0","0"
"2024 Presidential Election","CLINTON","United States Senator","Statewide","Green Party","LEILA HAZOU","125","0","0","85","0","0","40","0","0","0","0","0"
"2024 Presidential Election","CLINTON","United States Senator","Statewide","Constitution Party","MARTY SELKER","87","0","0","67","0","0","20","0","0","0","0","0"
"2024 Presidential Election","CLINTON","Attorney General","Statewide","Democratic","EUGENE DEPASQUALE","5,224","0","0","3,404","0","0","1,798","0","0","22","0","0"
"2024 Presidential Election","CLINTON","Attorney General","Statewide","Republican","DAVE SUNDAY","12,535","0","0","10,263","0","0","2,225","0","0","47","0","0"
"2024 Presidential Election","CLINTON","Attorney General","Statewide","Libertarian","ROBERT COWBURN","257","0","0","220","0","0","37","0","0","0","0","0"
"2024 Presidential Election","CLINTON","Attorney General","Statewide","Green Party","RICHARD L WEISS","123","0","0","97","0","0","26","0","0","0","0","0"
"2024 Presidential Election","CLINTON","Attorney General","Statewide","Constitution Party","JUSTIN L MAGILL","113","0","0","91","0","0","21","0","0","1","0","0"
"2024 Presidential Election","CLINTON","Attorney General","Statewide","Forward Party","ERIC L SETTLE","42","0","0","30","0","0","12","0","0","0","0","0"
"2024 Presidential Election","CLINTON","Auditor General","Statewide","Democratic","MALCOLM KENYATTA","4,978","0","0","3,172","0","0","1,788","0","0","18","0","0"
"2024 Presidential Election","CLINTON","Auditor General","Statewide","Republican","TIM DEFOOR","12,616","0","0","10,359","0","0","2,207","0","0","50","0","0"
"2024 Presidential Election","CLINTON","Auditor General","Statewide","Libertarian","REECE SMITH","340","0","0","284","0","0","55","0","0","1","0","0"
"2024 Presidential Election","CLINTON","Auditor General","Statewide","American Solidarity Party","ERIC K ANTON","56","0","0","46","0","0","10","0","0","0","0","0"
"2024 Presidential Election","CLINTON","Auditor General","Statewide","Constitution Party","BOB GOODRICH","161","0","0","132","0","0","29","0","0","0","0","0"
"2024 Presidential Election","CLINTON","State Treasurer","Statewide","Democratic","ERIN MCCLELLAND","4,919","0","0","3,139","0","0","1,761","0","0","19","0","0"
"2024 Presidential Election","CLINTON","State Treasurer","Statewide","Republican","STACY GARRITY","12,808","0","0","10,506","0","0","2,252","0","0","50","0","0"
"2024 Presidential Election","CLINTON","State Treasurer","Statewide","Libertarian","NICKOLAS CIESIELSKI","244","0","0","207","0","0","37","0","0","0","0","0"
"2024 Presidential Election","CLINTON","State Treasurer","Statewide","Constitution Party","TROY BOWMAN","115","0","0","94","0","0","21","0","0","0","0","0"
"2024 Presidential Election","CLINTON","State Treasurer","Statewide","Forward Party","CHRIS FOSTER","59","0","0","45","0","0","14","0","0","0","0","0"
"2024 Presidential Election","CLINTON","Representative in Congress","15th Congressional District","Democratic","ZACH WOMER","5,028","0","0","3,221","0","0","1,788","0","0","19","0","0"
"2024 Presidential Election","CLINTON","Representative in Congress","15th Congressional District","Republican","GLENN GT THOMPSON","13,269","0","0","10,888","0","0","2,331","0","0","50","0","0"
"2024 Presidential Election","CLINTON","Senator in the General Assembly","25th Senatorial District","Democratic","WILLIAM MCGILL","5,405","0","0","3,523","0","0","1,861","0","0","21","0","0"
"2024 Presidential Election","CLINTON","Senator in the General Assembly","25th Senatorial District","Republican","CRIS DUSH","12,639","0","0","10,387","0","0","2,206","0","0","46","0","0"
"2024 Presidential Election","CLINTON","Representative in the General Assembly","76th Legislative District","Democratic","DENISE MARIS","5,401","0","0","3,551","0","0","1,829","0","0","21","0","0"
"2024 Presidential Election","CLINTON","Representative in the General Assembly","76th Legislative District","Republican","STEPHANIE BOROWICZ","12,893","0","0","10,552","0","0","2,291","0","0","50","0","0"
"2024 Presidential Election","COLUMBIA","President of the United States","Statewide","Democratic","KAMALA D HARRIS","11,083","0","0","7,303","0","0","3,686","0","0","94","0","0"
"2024 Presidential Election","COLUMBIA","President of the United States","Statewide","Republican","DONALD J TRUMP","21,190","0","0","18,148","0","0","2,924","0","0","118","0","0"
"2024 Presidential Election","COLUMBIA","President of the United States","Statewide","Libertarian","CHASE OLIVER","193","0","0","163","0","0","29","0","0","1","0","0"
"2024 Presidential Election","COLUMBIA","President of the United States","Statewide","Green Party","JILL STEIN","110","0","0","80","0","0","30","0","0","0","0","0"
"2024 Presidential Election","COLUMBIA","United States Senator","Statewide","Democratic","ROBERT P CASEY JR","10,962","0","0","7,255","0","0","3,617","0","0","90","0","0"
"2024 Presidential Election","COLUMBIA","United States Senator","Statewide","Republican","DAVE MCCORMICK","20,600","0","0","17,583","0","0","2,912","0","0","105","0","0"
"2024 Presidential Election","COLUMBIA","United States Senator","Statewide","Libertarian","JOHN C THOMAS","445","0","0","388","0","0","53","0","0","4","0","0"
"2024 Presidential Election","COLUMBIA","United States Senator","Statewide","Green Party","LEILA HAZOU","218","0","0","158","0","0","58","0","0","2","0","0"
"2024 Presidential Election","COLUMBIA","United States Senator","Statewide","Constitution Party","MARTY SELKER","150","0","0","130","0","0","16","0","0","4","0","0"
"2024 Presidential Election","COLUMBIA","Attorney General","Statewide","Democratic","EUGENE DEPASQUALE","10,369","0","0","6,847","0","0","3,434","0","0","88","0","0"
"2024 Presidential Election","COLUMBIA","Attorney General","Statewide","Republican","DAVE SUNDAY","20,426","0","0","17,377","0","0","2,947","0","0","102","0","0"
"2024 Presidential Election","COLUMBIA","Attorney General","Statewide","Libertarian","ROBERT COWBURN","540","0","0","463","0","0","73","0","0","4","0","0"
"2024 Presidential Election","COLUMBIA","Attorney General","Statewide","Green Party","RICHARD L WEISS","273","0","0","215","0","0","55","0","0","3","0","0"
"2024 Presidential Election","COLUMBIA","Attorney General","Statewide","Constitution Party","JUSTIN L MAGILL","235","0","0","207","0","0","28","0","0","0","0","0"
"2024 Presidential Election","COLUMBIA","Attorney General","Statewide","Forward Party","ERIC L SETTLE","184","0","0","159","0","0","20","0","0","5","0","0"
"2024 Presidential Election","COLUMBIA","Auditor General","Statewide","Democratic","MALCOLM KENYATTA","9,914","0","0","6,494","0","0","3,333","0","0","87","0","0"
"2024 Presidential Election","COLUMBIA","Auditor General","Statewide","Republican","TIM DEFOOR","20,676","0","0","17,558","0","0","3,016","0","0","102","0","0"
"2024 Presidential Election","COLUMBIA","Auditor General","Statewide","Libertarian","REECE SMITH","707","0","0","592","0","0","107","0","0","8","0","0"
"2024 Presidential Election","COLUMBIA","Auditor General","Statewide","American Solidarity Party","ERIC K ANTON","131","0","0","115","0","0","15","0","0","1","0","0"
"2024 Presidential Election","COLUMBIA","Auditor General","Statewide","Constitution Party","BOB GOODRICH","379","0","0","324","0","0","52","0","0","3","0","0"
"2024 Presidential Election","COLUMBIA","State Treasurer","Statewide","Democratic","ERIN MCCLELLAND","9,811","0","0","6,449","0","0","3,277","0","0","85","0","0"
"2024 Presidential Election","COLUMBIA","State Treasurer","Statewide","Republican","STACY GARRITY","21,131","0","0","17,973","0","0","3,051","0","0","107","0","0"
"2024 Presidential Election","COLUMBIA","State Treasurer","Statewide","Libertarian","NICKOLAS CIESIELSKI","501","0","0","429","0","0","67","0","0","5","0","0"
"2024 Presidential Election","COLUMBIA","State Treasurer","Statewide","Constitution Party","TROY BOWMAN","291","0","0","244","0","0","46","0","0","1","0","0"
"2024 Presidential Election","COLUMBIA","State Treasurer","Statewide","Forward Party","CHRIS FOSTER","154","0","0","121","0","0","32","0","0","1","0","0"
"2024 Presidential Election","COLUMBIA","Representative in Congress","9th Congressional District","Democratic","AMANDA WALDMAN","10,294","0","0","6,794","0","0","3,410","0","0","90","0","0"
"2024 Presidential Election","COLUMBIA","Representative in Congress","9th Congressional District","Republican","DAN MEUSER","21,880","0","0","18,635","0","0","3,135","0","0","110","0","0"
"2024 Presidential Election","COLUMBIA","Senator in the General Assembly","27th Senatorial District","Democratic","PATRICIA LAWTON","10,624","0","0","7,104","0","0","3,427","0","0","93","0","0"
"2024 Presidential Election","COLUMBIA","Senator in the General Assembly","27th Senatorial District","Republican","LYNDA J SCHLEGEL CULVER","21,352","0","0","18,199","0","0","3,050","0","0","103","0","0"
"2024 Presidential Election","COLUMBIA","Representative in the General Assembly","109th Legislative District","Democratic","NICK MCGAW","10,534","0","0","7,087","0","0","3,359","0","0","88","0","0"
"2024 Presidential Election","COLUMBIA","Representative in the General Assembly","109th Legislative District","Republican","ROBERT LEADBETER","21,586","0","0","18,349","0","0","3,127","0","0","110","0","0"
"2024 Presidential Election","CRAWFORD","President of the United States","Statewide","Democratic","KAMALA D HARRIS","12,858","0","0","7,891","0","0","4,887","0","0","80","0","0"
"2024 Presidential Election","CRAWFORD","President of the United States","Statewide","Republican","DONALD J TRUMP","29,685","0","0","24,557","0","0","5,009","0","0","119","0","0"
"2024 Presidential Election","CRAWFORD","President of the United States","Statewide","Libertarian","CHASE OLIVER","214","0","0","175","0","0","38","0","0","1","0","0"
"2024 Presidential Election","CRAWFORD","President of the United States","Statewide","Green Party","JILL STEIN","115","0","0","88","0","0","26","0","0","1","0","0"
"2024 Presidential Election","CRAWFORD","United States Senator","Statewide","Democratic","ROBERT P CASEY JR","13,370","0","0","8,382","0","0","4,915","0","0","73","0","0"
"2024 Presidential Election","CRAWFORD","United States Senator","Statewide","Republican","DAVE MCCORMICK","28,234","0","0","23,359","0","0","4,766","0","0","109","0","0"
"2024 Presidential Election","CRAWFORD","United States Senator","Statewide","Libertarian","JOHN C THOMAS","653","0","0","527","0","0","121","0","0","5","0","0"
"2024 Presidential Election","CRAWFORD","United States Senator","Statewide","Green Party","LEILA HAZOU","271","0","0","193","0","0","75","0","0","3","0","0"
"2024 Presidential Election","CRAWFORD","United States Senator","Statewide","Constitution Party","MARTY SELKER","186","0","0","138","0","0","47","0","0","1","0","0"
"2024 Presidential Election","CRAWFORD","Attorney General","Statewide","Democratic","EUGENE DEPASQUALE","11,405","0","0","7,009","0","0","4,324","0","0","72","0","0"
"2024 Presidential Election","CRAWFORD","Attorney General","Statewide","Republican","DAVE SUNDAY","29,427","0","0","24,119","0","0","5,193","0","0","115","0","0"
"2024 Presidential Election","CRAWFORD","Attorney General","Statewide","Libertarian","ROBERT COWBURN","637","0","0","532","0","0","99","0","0","6","0","0"
"2024 Presidential Election","CRAWFORD","Attorney General","Statewide","Green Party","RICHARD L WEISS","389","0","0","307","0","0","79","0","0","3","0","0"
"2024 Presidential Election","CRAWFORD","Attorney General","Statewide","Constitution Party","JUSTIN L MAGILL","319","0","0","269","0","0","49","0","0","1","0","0"
"2024 Presidential Election","CRAWFORD","Attorney General","Statewide","Forward Party","ERIC L SETTLE","104","0","0","76","0","0","28","0","0","0","0","0"
"2024 Presidential Election","CRAWFORD","Auditor General","Statewide","Democratic","MALCOLM KENYATTA","11,569","0","0","7,117","0","0","4,394","0","0","58","0","0"
"2024 Presidential Election","CRAWFORD","Auditor General","Statewide","Republican","TIM DEFOOR","28,903","0","0","23,741","0","0","5,046","0","0","116","0","0"
"2024 Presidential Election","CRAWFORD","Auditor General","Statewide","Libertarian","REECE SMITH","826","0","0","668","0","0","148","0","0","10","0","0"
"2024 Presidential Election","CRAWFORD","Auditor General","Statewide","American Solidarity Party","ERIC K ANTON","168","0","0","142","0","0","25","0","0","1","0","0"
"2024 Presidential Election","CRAWFORD","Auditor General","Statewide","Constitution Party","BOB GOODRICH","553","0","0","453","0","0","96","0","0","4","0","0"
"2024 Presidential Election","CRAWFORD","State Treasurer","Statewide","Democratic","ERIN MCCLELLAND","11,744","0","0","7,236","0","0","4,446","0","0","62","0","0"
"2024 Presidential Election","CRAWFORD","State Treasurer","Statewide","Republican","STACY GARRITY","29,254","0","0","24,055","0","0","5,080","0","0","119","0","0"
"2024 Presidential Election","CRAWFORD","State Treasurer","Statewide","Libertarian","NICKOLAS CIESIELSKI","553","0","0","457","0","0","93","0","0","3","0","0"
"2024 Presidential Election","CRAWFORD","State Treasurer","Statewide","Constitution Party","TROY BOWMAN","365","0","0","301","0","0","61","0","0","3","0","0"
"2024 Presidential Election","CRAWFORD","State Treasurer","Statewide","Forward Party","CHRIS FOSTER","170","0","0","122","0","0","44","0","0","4","0","0"
"2024 Presidential Election","CRAWFORD","Representative in Congress","16th Congressional District","Democratic","PRESTON NOURI","11,167","0","0","6,525","0","0","4,575","0","0","67","0","0"
"2024 Presidential Election","CRAWFORD","Representative in Congress","16th Congressional District","Republican","MIKE KELLY","26,223","0","0","20,911","0","0","5,210","0","0","102","0","0"
"2024 Presidential Election","CRAWFORD","Representative in the General Assembly","6th Legislative District","Democratic","MICHAEL WALKER","8,405","0","0","5,195","0","0","3,163","0","0","47","0","0"
"2024 Presidential Election","CRAWFORD","Representative in the General Assembly","6th Legislative District","Republican","BRAD ROAE","19,762","0","0","15,727","0","0","3,971","0","0","64","0","0"
"2024 Presidential Election","CRAWFORD","Representative in the General Assembly","64th Legislative District","Republican","R LEE JAMES","4,225","0","0","3,644","0","0","568","0","0","13","0","0"
"2024 Presidential Election","CRAWFORD","Representative in the General Assembly","64th Legislative District","Constitution Party","RON JOHNSON","634","0","0","480","0","0","152","0","0","2","0","0"
"2024 Presidential Election","CRAWFORD","Representative in the General Assembly","65th Legislative District","Democratic","ERIN WILLMAN","2,043","0","0","1,332","0","0","700","0","0","11","0","0"
"2024 Presidential Election","CRAWFORD","Representative in the General Assembly","65th Legislative District","Republican","KATHY L RAPP","6,682","0","0","5,749","0","0","909","0","0","24","0","0"
"2024 Presidential Election","CUMBERLAND","President of the United States","Statewide","Democratic","KAMALA D HARRIS","66,255","0","0","40,735","0","0","25,061","0","0","459","0","0"
"2024 Presidential Election","CUMBERLAND","President of the United States","Statewide","Republican","DONALD J TRUMP","80,267","0","0","62,582","0","0","17,278","0","0","407","0","0"
"2024 Presidential Election","CUMBERLAND","President of the United States","Statewide","Libertarian","CHASE OLIVER","921","0","0","700","0","0","220","0","0","1","0","0"
"2024 Presidential Election","CUMBERLAND","President of the United States","Statewide","Green Party","JILL STEIN","953","0","0","696","0","0","245","0","0","12","0","0"
"2024 Presidential Election","CUMBERLAND","United States Senator","Statewide","Democratic","ROBERT P CASEY JR","64,713","0","0","39,802","0","0","24,475","0","0","436","0","0"
"2024 Presidential Election","CUMBERLAND","United States Senator","Statewide","Republican","DAVE MCCORMICK","78,178","0","0","60,575","0","0","17,229","0","0","374","0","0"
"2024 Presidential Election","CUMBERLAND","United States Senator","Statewide","Libertarian","JOHN C THOMAS","2,324","0","0","1,864","0","0","439","0","0","21","0","0"
"2024 Presidential Election","CUMBERLAND","United States Senator","Statewide","Green Party","LEILA HAZOU","1,725","0","0","1,253","0","0","455","0","0","17","0","0"
"2024 Presidential Election","CUMBERLAND","United States Senator","Statewide","Constitution Party","MARTY SELKER","463","0","0","345","0","0","117","0","0","1","0","0"
"2024 Presidential Election","CUMBERLAND","Attorney General","Statewide","Democratic","EUGENE DEPASQUALE","60,701","0","0","37,245","0","0","23,035","0","0","421","0","0"
"2024 Presidential Election","CUMBERLAND","Attorney General","Statewide","Republican","DAVE SUNDAY","81,504","0","0","62,790","0","0","18,332","0","0","382","0","0"
"2024 Presidential Election","CUMBERLAND","Attorney General","Statewide","Libertarian","ROBERT COWBURN","2,095","0","0","1,707","0","0","375","0","0","13","0","0"
"2024 Presidential Election","CUMBERLAND","Attorney General","Statewide","Green Party","RICHARD L WEISS","1,438","0","0","1,071","0","0","353","0","0","14","0","0"
"2024 Presidential Election","CUMBERLAND","Attorney General","Statewide","Constitution Party","JUSTIN L MAGILL","544","0","0","388","0","0","151","0","0","5","0","0"
"2024 Presidential Election","CUMBERLAND","Attorney General","Statewide","Forward Party","ERIC L SETTLE","322","0","0","199","0","0","121","0","0","2","0","0"
"2024 Presidential Election","CUMBERLAND","Auditor General","Statewide","Democratic","MALCOLM KENYATTA","57,725","0","0","35,230","0","0","22,090","0","0","405","0","0"
"2024 Presidential Election","CUMBERLAND","Auditor General","Statewide","Republican","TIM DEFOOR","83,375","0","0","63,818","0","0","19,168","0","0","389","0","0"
"2024 Presidential Election","CUMBERLAND","Auditor General","Statewide","Libertarian","REECE SMITH","3,171","0","0","2,615","0","0","536","0","0","20","0","0"
"2024 Presidential Election","CUMBERLAND","Auditor General","Statewide","American Solidarity Party","ERIC K ANTON","361","0","0","266","0","0","90","0","0","5","0","0"
"2024 Presidential Election","CUMBERLAND","Auditor General","Statewide","Constitution Party","BOB GOODRICH","986","0","0","720","0","0","261","0","0","5","0","0"
"2024 Presidential Election","CUMBERLAND","State Treasurer","Statewide","Democratic","ERIN MCCLELLAND","57,300","0","0","34,773","0","0","22,120","0","0","407","0","0"
"2024 Presidential Election","CUMBERLAND","State Treasurer","Statewide","Republican","STACY GARRITY","84,582","0","0","65,022","0","0","19,165","0","0","395","0","0"
"2024 Presidential Election","CUMBERLAND","State Treasurer","Statewide","Libertarian","NICKOLAS CIESIELSKI","2,642","0","0","2,197","0","0","432","0","0","13","0","0"
"2024 Presidential Election","CUMBERLAND","State Treasurer","Statewide","Constitution Party","TROY BOWMAN","737","0","0","543","0","0","190","0","0","4","0","0"
"2024 Presidential Election","CUMBERLAND","State Treasurer","Statewide","Forward Party","CHRIS FOSTER","468","0","0","271","0","0","193","0","0","4","0","0"
"2024 Presidential Election","CUMBERLAND","Representative in Congress","10th Congressional District","Democratic","JANELLE STELSON","64,891","0","0","40,199","0","0","24,273","0","0","419","0","0"
"2024 Presidential Election","CUMBERLAND","Representative in Congress","10th Congressional District","Republican","SCOTT PERRY","70,036","0","0","53,982","0","0","15,720","0","0","334","0","0"
"2024 Presidential Election","CUMBERLAND","Representative in Congress","13th Congressional District","Democratic","BETH FARNHAM","3,453","0","0","2,220","0","0","1,196","0","0","37","0","0"
"2024 Presidential Election","CUMBERLAND","Representative in Congress","13th Congressional District","Republican","JOHN JOYCE","8,299","0","0","6,956","0","0","1,305","0","0","38","0","0"
"2024 Presidential Election","CUMBERLAND","Senator in the General Assembly","31st Senatorial District","Democratic","MARK TEMONS","16,787","0","0","10,577","0","0","6,096","0","0","114","0","0"
"2024 Presidential Election","CUMBERLAND","Senator in the General Assembly","31st Senatorial District","Republican","DAWN KEEFER","20,061","0","0","15,671","0","0","4,280","0","0","110","0","0"
"2024 Presidential Election","CUMBERLAND","Representative in the General Assembly","87th Legislative District","Democratic","JOHN FLOOD","15,440","0","0","8,954","0","0","6,395","0","0","91","0","0"
"2024 Presidential Election","CUMBERLAND","Representative in the General Assembly","87th Legislative District","Republican","THOMAS KUTZ","24,861","0","0","18,733","0","0","6,022","0","0","106","0","0"
"2024 Presidential Election","CUMBERLAND","Representative in the General Assembly","88th Legislative District","Democratic","SARA AGERTON","16,983","0","0","10,703","0","0","6,153","0","0","127","0","0"
"2024 Presidential Election","CUMBERLAND","Representative in the General Assembly","88th Legislative District","Republican","SHERYL DELOZIER","20,882","0","0","16,202","0","0","4,566","0","0","114","0","0"
"2024 Presidential Election","CUMBERLAND","Representative in the General Assembly","103rd Legislative District","Democratic","NATE DAVIDSON","9,960","0","0","6,324","0","0","3,579","0","0","57","0","0"
"2024 Presidential Election","CUMBERLAND","Representative in the General Assembly","103rd Legislative District","Republican","CINDI WARD","10,556","0","0","8,286","0","0","2,219","0","0","51","0","0"
"2024 Presidential Election","CUMBERLAND","Representative in the General Assembly","193rd Legislative District","Republican","TORREN ECKER","9,895","0","0","7,680","0","0","2,159","0","0","56","0","0"
"2024 Presidential Election","CUMBERLAND","Representative in the General Assembly","199th Legislative District","Democratic","RICK CHRISTIE","13,447","0","0","8,275","0","0","5,083","0","0","89","0","0"
"2024 Presidential Election","CUMBERLAND","Representative in the General Assembly","199th Legislative District","Republican","BARB GLEIM","20,935","0","0","15,992","0","0","4,856","0","0","87","0","0"
"2024 Presidential Election","DAUPHIN","President of the United States","Statewide","Democratic","KAMALA D HARRIS","78,327","0","0","50,426","0","0","26,722","0","0","1,179","0","0"
"2024 Presidential Election","DAUPHIN","President of the United States","Statewide","Republican","DONALD J TRUMP","69,474","0","0","55,905","0","0","12,872","0","0","697","0","0"
"2024 Presidential Election","DAUPHIN","President of the United States","Statewide","Libertarian","CHASE OLIVER","832","0","0","626","0","0","195","0","0","11","0","0"
"2024 Presidential Election","DAUPHIN","President of the United States","Statewide","Green Party","JILL STEIN","893","0","0","623","0","0","254","0","0","16","0","0"
"2024 Presidential Election","DAUPHIN","United States Senator","Statewide","Democratic","ROBERT P CASEY JR","77,022","0","0","49,654","0","0","26,229","0","0","1,139","0","0"
"2024 Presidential Election","DAUPHIN","United States Senator","Statewide","Republican","DAVE MCCORMICK","66,949","0","0","53,640","0","0","12,719","0","0","590","0","0"
"2024 Presidential Election","DAUPHIN","United States Senator","Statewide","Libertarian","JOHN C THOMAS","2,343","0","0","1,864","0","0","441","0","0","38","0","0"
"2024 Presidential Election","DAUPHIN","United States Senator","Statewide","Green Party","LEILA HAZOU","1,977","0","0","1,403","0","0","522","0","0","52","0","0"
"2024 Presidential Election","DAUPHIN","United States Senator","Statewide","Constitution Party","MARTY SELKER","665","0","0","515","0","0","133","0","0","17","0","0"
"2024 Presidential Election","DAUPHIN","Attorney General","Statewide","Democratic","EUGENE DEPASQUALE","74,211","0","0","48,100","0","0","25,000","0","0","1,111","0","0"
"2024 Presidential Election","DAUPHIN","Attorney General","Statewide","Republican","DAVE SUNDAY","68,956","0","0","54,706","0","0","13,653","0","0","597","0","0"
"2024 Presidential Election","DAUPHIN","Attorney General","Statewide","Libertarian","ROBERT COWBURN","2,076","0","0","1,668","0","0","370","0","0","38","0","0"
"2024 Presidential Election","DAUPHIN","Attorney General","Statewide","Green Party","RICHARD L WEISS","1,623","0","0","1,165","0","0","418","0","0","40","0","0"
"2024 Presidential Election","DAUPHIN","Attorney General","Statewide","Constitution Party","JUSTIN L MAGILL","859","0","0","702","0","0","134","0","0","23","0","0"
"2024 Presidential Election","DAUPHIN","Attorney General","Statewide","Forward Party","ERIC L SETTLE","445","0","0","302","0","0","133","0","0","10","0","0"
"2024 Presidential Election","DAUPHIN","Auditor General","Statewide","Democratic","MALCOLM KENYATTA","69,196","0","0","44,398","0","0","23,709","0","0","1,089","0","0"
"2024 Presidential Election","DAUPHIN","Auditor General","Statewide","Republican","TIM DEFOOR","72,190","0","0","56,924","0","0","14,690","0","0","576","0","0"
"2024 Presidential Election","DAUPHIN","Auditor General","Statewide","Libertarian","REECE SMITH","2,863","0","0","2,232","0","0","576","0","0","55","0","0"
"2024 Presidential Election","DAUPHIN","Auditor General","Statewide","American Solidarity Party","ERIC K ANTON","569","0","0","476","0","0","78","0","0","15","0","0"
"2024 Presidential Election","DAUPHIN","Auditor General","Statewide","Constitution Party","BOB GOODRICH","1,310","0","0","1,038","0","0","240","0","0","32","0","0"
"2024 Presidential Election","DAUPHIN","State Treasurer","Statewide","Democratic","ERIN MCCLELLAND","68,730","0","0","43,820","0","0","23,855","0","0","1,055","0","0"
"2024 Presidential Election","DAUPHIN","State Treasurer","Statewide","Republican","STACY GARRITY","72,581","0","0","57,542","0","0","14,426","0","0","613","0","0"
"2024 Presidential Election","DAUPHIN","State Treasurer","Statewide","Libertarian","NICKOLAS CIESIELSKI","2,484","0","0","1,990","0","0","448","0","0","46","0","0"
"2024 Presidential Election","DAUPHIN","State Treasurer","Statewide","Constitution Party","TROY BOWMAN","1,252","0","0","1,010","0","0","216","0","0","26","0","0"
"2024 Presidential Election","DAUPHIN","State Treasurer","Statewide","Forward Party","CHRIS FOSTER","728","0","0","516","0","0","195","0","0","17","0","0"
"2024 Presidential Election","DAUPHIN","Representative in Congress","10th Congressional District","Democratic","JANELLE STELSON","80,272","0","0","51,843","0","0","27,283","0","0","1,146","0","0"
"2024 Presidential Election","DAUPHIN","Representative in Congress","10th Congressional District","Republican","SCOTT PERRY","66,986","0","0","53,923","0","0","12,437","0","0","626","0","0"
"2024 Presidential Election","DAUPHIN","Senator in the General Assembly","15th Senatorial District","Democratic","PATTY KIM","77,181","0","0","50,324","0","0","25,683","0","0","1,174","0","0"
"2024 Presidential Election","DAUPHIN","Senator in the General Assembly","15th Senatorial District","Republican","NICK DIFRANCESCO","55,379","0","0","43,487","0","0","11,402","0","0","490","0","0"
"2024 Presidential Election","DAUPHIN","Representative in the General Assembly","103rd Legislative District","Democratic","NATE DAVIDSON","8,936","0","0","6,168","0","0","2,632","0","0","136","0","0"
"2024 Presidential Election","DAUPHIN","Representative in the General Assembly","103rd Legislative District","Republican","CINDI WARD","1,752","0","0","1,338","0","0","386","0","0","28","0","0"
"2024 Presidential Election","DAUPHIN","Representative in the General Assembly","104th Legislative District","Democratic","DAVE MADSEN","19,066","0","0","13,758","0","0","4,934","0","0","374","0","0"
"2024 Presidential Election","DAUPHIN","Representative in the General Assembly","105th Legislative District","Democratic","JUSTIN C FLEMING","25,941","0","0","16,952","0","0","8,618","0","0","371","0","0"
"2024 Presidential Election","DAUPHIN","Representative in the General Assembly","106th Legislative District","Democratic","ANJU SINGH","13,855","0","0","8,506","0","0","5,219","0","0","130","0","0"
"2024 Presidential Election","DAUPHIN","Representative in the General Assembly","106th Legislative District","Republican","TOM MEHAFFIE","23,615","0","0","18,586","0","0","4,901","0","0","128","0","0"
"2024 Presidential Election","DAUPHIN","Representative in the General Assembly","125th Legislative District","Democratic","GENE STILP","12,264","0","0","7,555","0","0","4,601","0","0","108","0","0"
"2024 Presidential Election","DAUPHIN","Representative in the General Assembly","125th Legislative District","Republican","JOE KERWIN","26,612","0","0","21,931","0","0","4,520","0","0","161","0","0"
"2024 Presidential Election","DELAWARE","President of the United States","Statewide","Democratic","KAMALA D HARRIS","201,324","0","0","133,435","0","0","65,628","0","0","2,261","0","0"
"2024 Presidential Election","DELAWARE","President of the United States","Statewide","Republican","DONALD J TRUMP","123,421","0","0","100,303","0","0","22,069","0","0","1,049","0","0"
"2024 Presidential Election","DELAWARE","President of the United States","Statewide","Libertarian","CHASE OLIVER","1,300","0","0","986","0","0","299","0","0","15","0","0"
"2024 Presidential Election","DELAWARE","President of the United States","Statewide","Green Party","JILL STEIN","2,127","0","0","1,576","0","0","506","0","0","45","0","0"
"2024 Presidential Election","DELAWARE","United States Senator","Statewide","Democratic","ROBERT P CASEY JR","197,424","0","0","131,147","0","0","64,097","0","0","2,180","0","0"
"2024 Presidential Election","DELAWARE","United States Senator","Statewide","Republican","DAVE MCCORMICK","121,482","0","0","98,078","0","0","22,399","0","0","1,005","0","0"
"2024 Presidential Election","DELAWARE","United States Senator","Statewide","Libertarian","JOHN C THOMAS","3,281","0","0","2,586","0","0","651","0","0","44","0","0"
"2024 Presidential Election","DELAWARE","United States Senator","Statewide","Green Party","LEILA HAZOU","3,439","0","0","2,443","0","0","924","0","0","72","0","0"
"2024 Presidential Election","DELAWARE","United States Senator","Statewide","Constitution Party","MARTY SELKER","831","0","0","665","0","0","156","0","0","10","0","0"
"2024 Presidential Election","DELAWARE","Attorney General","Statewide","Democratic","EUGENE DEPASQUALE","183,053","0","0","121,378","0","0","59,623","0","0","2,052","0","0"
"2024 Presidential Election","DELAWARE","Attorney General","Statewide","Republican","DAVE SUNDAY","131,777","0","0","105,336","0","0","25,424","0","0","1,017","0","0"
"2024 Presidential Election","DELAWARE","Attorney General","Statewide","Libertarian","ROBERT COWBURN","3,074","0","0","2,492","0","0","532","0","0","50","0","0"
"2024 Presidential Election","DELAWARE","Attorney General","Statewide","Green Party","RICHARD L WEISS","3,312","0","0","2,472","0","0","753","0","0","87","0","0"
"2024 Presidential Election","DELAWARE","Attorney General","Statewide","Constitution Party","JUSTIN L MAGILL","907","0","0","739","0","0","140","0","0","28","0","0"
"2024 Presidential Election","DELAWARE","Attorney General","Statewide","Forward Party","ERIC L SETTLE","930","0","0","617","0","0","298","0","0","15","0","0"
"2024 Presidential Election","DELAWARE","Auditor General","Statewide","Democratic","MALCOLM KENYATTA","185,035","0","0","123,269","0","0","59,682","0","0","2,084","0","0"
"2024 Presidential Election","DELAWARE","Auditor General","Statewide","Republican","TIM DEFOOR","129,103","0","0","102,885","0","0","25,256","0","0","962","0","0"
"2024 Presidential Election","DELAWARE","Auditor General","Statewide","Libertarian","REECE SMITH","4,605","0","0","3,616","0","0","921","0","0","68","0","0"
"2024 Presidential Election","DELAWARE","Auditor General","Statewide","American Solidarity Party","ERIC K ANTON","919","0","0","737","0","0","163","0","0","19","0","0"
"2024 Presidential Election","DELAWARE","Auditor General","Statewide","Constitution Party","BOB GOODRICH","1,819","0","0","1,465","0","0","310","0","0","44","0","0"
"2024 Presidential Election","DELAWARE","State Treasurer","Statewide","Democratic","ERIN MCCLELLAND","184,055","0","0","122,309","0","0","59,683","0","0","2,063","0","0"
"2024 Presidential Election","DELAWARE","State Treasurer","Statewide","Republican","STACY GARRITY","131,515","0","0","105,171","0","0","25,338","0","0","1,006","0","0"
"2024 Presidential Election","DELAWARE","State Treasurer","Statewide","Libertarian","NICKOLAS CIESIELSKI","3,551","0","0","2,802","0","0","694","0","0","55","0","0"
"2024 Presidential Election","DELAWARE","State Treasurer","Statewide","Constitution Party","TROY BOWMAN","1,451","0","0","1,193","0","0","234","0","0","24","0","0"
"2024 Presidential Election","DELAWARE","State Treasurer","Statewide","Forward Party","CHRIS FOSTER","1,213","0","0","806","0","0","382","0","0","25","0","0"
"2024 Presidential Election","DELAWARE","Representative in Congress","5th Congressional District","Democratic","MARY GAY SCANLON","203,876","0","0","135,959","0","0","65,683","0","0","2,234","0","0"
"2024 Presidential Election","DELAWARE","Representative in Congress","5th Congressional District","Republican","ALFEIA GOODWIN","120,100","0","0","97,133","0","0","22,012","0","0","955","0","0"
"2024 Presidential Election","DELAWARE","Senator in the General Assembly","9th Senatorial District","Democratic","JOHN I KANE","55,125","0","0","35,201","0","0","19,353","0","0","571","0","0"
"2024 Presidential Election","DELAWARE","Senator in the General Assembly","9th Senatorial District","Republican","MIKE WOODIN","41,257","0","0","32,386","0","0","8,567","0","0","304","0","0"
"2024 Presidential Election","DELAWARE","Senator in the General Assembly","17th Senatorial District","Democratic","AMANDA M CAPPELLETTI","33,506","0","0","21,764","0","0","11,470","0","0","272","0","0"
"2024 Presidential Election","DELAWARE","Senator in the General Assembly","17th Senatorial District","Republican","GREG HARRIS","18,634","0","0","14,811","0","0","3,682","0","0","141","0","0"
"2024 Presidential Election","DELAWARE","Representative in the General Assembly","159th Legislative District","Democratic","CAROL KAZEEM","20,161","0","0","15,044","0","0","4,836","0","0","281","0","0"
"2024 Presidential Election","DELAWARE","Representative in the General Assembly","160th Legislative District","Democratic","ELIZABETH R MORO","12,279","0","0","6,965","0","0","5,201","0","0","113","0","0"
"2024 Presidential Election","DELAWARE","Representative in the General Assembly","160th Legislative District","Republican","CRAIG WILLIAMS","14,463","0","0","10,964","0","0","3,400","0","0","99","0","0"
"2024 Presidential Election","DELAWARE","Representative in the General Assembly","161st Legislative District","Democratic","LEANNE KRUEGER","22,393","0","0","14,493","0","0","7,735","0","0","165","0","0"
"2024 Presidential Election","DELAWARE","Representative in the General Assembly","161st Legislative District","Republican","JOHN MANCINELLI JR","16,084","0","0","13,127","0","0","2,853","0","0","104","0","0"
"2024 Presidential Election","DELAWARE","Representative in the General Assembly","162nd Legislative District","Democratic","DAVE DELLOSO","19,815","0","0","14,490","0","0","5,076","0","0","249","0","0"
"2024 Presidential Election","DELAWARE","Representative in the General Assembly","162nd Legislative District","Republican","GABRIELLA MENDEZ","15,143","0","0","13,099","0","0","1,931","0","0","113","0","0"
"2024 Presidential Election","DELAWARE","Representative in the General Assembly","163rd Legislative District","Democratic","HEATHER BOYD","21,022","0","0","14,777","0","0","5,987","0","0","258","0","0"
"2024 Presidential Election","DELAWARE","Representative in the General Assembly","163rd Legislative District","Republican","JEFFREY O JONES","12,238","0","0","10,207","0","0","1,929","0","0","102","0","0"
"2024 Presidential Election","DELAWARE","Representative in the General Assembly","164th Legislative District","Democratic","GINA H CURRY","21,017","0","0","15,469","0","0","5,196","0","0","352","0","0"
"2024 Presidential Election","DELAWARE","Representative in the General Assembly","165th Legislative District","Democratic","JENNIFER O'MARA","24,659","0","0","15,773","0","0","8,753","0","0","133","0","0"
"2024 Presidential Election","DELAWARE","Representative in the General Assembly","165th Legislative District","Republican","LIZ PIAZZA","16,730","0","0","13,616","0","0","3,023","0","0","91","0","0"
"2024 Presidential Election","DELAWARE","Representative in the General Assembly","166th Legislative District","Democratic","GREG VITALI","25,233","0","0","16,572","0","0","8,486","0","0","175","0","0"
"2024 Presidential Election","DELAWARE","Representative in the General Assembly","166th Legislative District","Republican","KAY DUGERY","16,565","0","0","13,689","0","0","2,779","0","0","97","0","0"
"2024 Presidential Election","DELAWARE","Representative in the General Assembly","168th Legislative District","Democratic","LISA A BOROWSKI","22,634","0","0","12,808","0","0","9,640","0","0","186","0","0"
"2024 Presidential Election","DELAWARE","Representative in the General Assembly","168th Legislative District","Republican","KATHRYN BUCKLEY","16,326","0","0","11,981","0","0","4,217","0","0","128","0","0"
"2024 Presidential Election","DELAWARE","Representative in the General Assembly","185th Legislative District","Democratic","REGINA G YOUNG","1,987","0","0","1,620","0","0","339","0","0","28","0","0"
"2024 Presidential Election","DELAWARE","Representative in the General Assembly","191st Legislative District","Democratic","JOANNA E MCCLINTON","9,093","0","0","6,488","0","0","2,451","0","0","154","0","0"
"2024 Presidential Election","ELK","President of the United States","Statewide","Democratic","KAMALA D HARRIS","4,483","0","0","2,887","0","0","1,580","0","0","16","0","0"
"2024 Presidential Election","ELK","President of the United States","Statewide","Republican","DONALD J TRUMP","12,543","0","0","10,724","0","0","1,784","0","0","35","0","0"
"2024 Presidential Election","ELK","President of the United States","Statewide","Libertarian","CHASE OLIVER","75","0","0","60","0","0","15","0","0","0","0","0"
"2024 Presidential Election","ELK","President of the United States","Statewide","Green Party","JILL STEIN","52","0","0","39","0","0","13","0","0","0","0","0"
"2024 Presidential Election","ELK","United States Senator","Statewide","Democratic","ROBERT P CASEY JR","4,674","0","0","3,069","0","0","1,591","0","0","14","0","0"
"2024 Presidential Election","ELK","United States Senator","Statewide","Republican","DAVE MCCORMICK","11,931","0","0","10,207","0","0","1,689","0","0","35","0","0"
"2024 Presidential Election","ELK","United States Senator","Statewide","Libertarian","JOHN C THOMAS","292","0","0","245","0","0","47","0","0","0","0","0"
"2024 Presidential Election","ELK","United States Senator","Statewide","Green Party","LEILA HAZOU","95","0","0","61","0","0","30","0","0","4","0","0"
"2024 Presidential Election","ELK","United States Senator","Statewide","Constitution Party","MARTY SELKER","97","0","0","84","0","0","13","0","0","0","0","0"
"2024 Presidential Election","ELK","Attorney General","Statewide","Democratic","EUGENE DEPASQUALE","4,229","0","0","2,746","0","0","1,467","0","0","16","0","0"
"2024 Presidential Election","ELK","Attorney General","Statewide","Republican","DAVE SUNDAY","12,254","0","0","10,423","0","0","1,799","0","0","32","0","0"
"2024 Presidential Election","ELK","Attorney General","Statewide","Libertarian","ROBERT COWBURN","213","0","0","180","0","0","32","0","0","1","0","0"
"2024 Presidential Election","ELK","Attorney General","Statewide","Green Party","RICHARD L WEISS","119","0","0","95","0","0","22","0","0","2","0","0"
"2024 Presidential Election","ELK","Attorney General","Statewide","Constitution Party","JUSTIN L MAGILL","116","0","0","101","0","0","15","0","0","0","0","0"
"2024 Presidential Election","ELK","Attorney General","Statewide","Forward Party","ERIC L SETTLE","45","0","0","36","0","0","8","0","0","1","0","0"
"2024 Presidential Election","ELK","Auditor General","Statewide","Democratic","MALCOLM KENYATTA","4,260","0","0","2,771","0","0","1,476","0","0","13","0","0"
"2024 Presidential Election","ELK","Auditor General","Statewide","Republican","TIM DEFOOR","12,083","0","0","10,299","0","0","1,753","0","0","31","0","0"
"2024 Presidential Election","ELK","Auditor General","Statewide","Libertarian","REECE SMITH","293","0","0","245","0","0","44","0","0","4","0","0"
"2024 Presidential Election","ELK","Auditor General","Statewide","American Solidarity Party","ERIC K ANTON","59","0","0","52","0","0","6","0","0","1","0","0"
"2024 Presidential Election","ELK","Auditor General","Statewide","Constitution Party","BOB GOODRICH","186","0","0","157","0","0","27","0","0","2","0","0"
"2024 Presidential Election","ELK","State Treasurer","Statewide","Democratic","ERIN MCCLELLAND","4,303","0","0","2,789","0","0","1,498","0","0","16","0","0"
"2024 Presidential Election","ELK","State Treasurer","Statewide","Republican","STACY GARRITY","12,199","0","0","10,380","0","0","1,784","0","0","35","0","0"
"2024 Presidential Election","ELK","State Treasurer","Statewide","Libertarian","NICKOLAS CIESIELSKI","218","0","0","191","0","0","27","0","0","0","0","0"
"2024 Presidential Election","ELK","State Treasurer","Statewide","Constitution Party","TROY BOWMAN","129","0","0","114","0","0","14","0","0","1","0","0"
"2024 Presidential Election","ELK","State Treasurer","Statewide","Forward Party","CHRIS FOSTER","68","0","0","58","0","0","10","0","0","0","0","0"
"2024 Presidential Election","ELK","Representative in Congress","15th Congressional District","Democratic","ZACH WOMER","3,912","0","0","2,512","0","0","1,381","0","0","19","0","0"
"2024 Presidential Election","ELK","Representative in Congress","15th Congressional District","Republican","GLENN GT THOMPSON","13,101","0","0","11,097","0","0","1,970","0","0","34","0","0"
"2024 Presidential Election","ELK","Senator in the General Assembly","25th Senatorial District","Democratic","WILLIAM MCGILL","4,077","0","0","2,648","0","0","1,413","0","0","16","0","0"
"2024 Presidential Election","ELK","Senator in the General Assembly","25th Senatorial District","Republican","CRIS DUSH","12,776","0","0","10,906","0","0","1,840","0","0","30","0","0"
"2024 Presidential Election","ELK","Representative in the General Assembly","75th Legislative District","Republican","MIKE ARMANINI","15,542","0","0","12,783","0","0","2,711","0","0","48","0","0"
"2024 Presidential Election","ERIE","President of the United States","Statewide","Democratic","KAMALA D HARRIS","67,456","0","0","41,600","0","0","24,728","0","0","1,128","0","0"
"2024 Presidential Election","ERIE","President of the United States","Statewide","Republican","DONALD J TRUMP","68,866","0","0","56,487","0","0","11,442","0","0","937","0","0"
"2024 Presidential Election","ERIE","President of the United States","Statewide","Libertarian","CHASE OLIVER","686","0","0","517","0","0","160","0","0","9","0","0"
"2024 Presidential Election","ERIE","President of the United States","Statewide","Green Party","JILL STEIN","587","0","0","423","0","0","154","0","0","10","0","0"
"2024 Presidential Election","ERIE","United States Senator","Statewide","Democratic","ROBERT P CASEY JR","67,868","0","0","42,050","0","0","24,721","0","0","1,097","0","0"
"2024 Presidential Election","ERIE","United States Senator","Statewide","Republican","DAVE MCCORMICK","65,603","0","0","53,720","0","0","11,017","0","0","866","0","0"
"2024 Presidential Election","ERIE","United States Senator","Statewide","Libertarian","JOHN C THOMAS","1,762","0","0","1,438","0","0","280","0","0","44","0","0"
"2024 Presidential Election","ERIE","United States Senator","Statewide","Green Party","LEILA HAZOU","1,156","0","0","837","0","0","284","0","0","35","0","0"
"2024 Presidential Election","ERIE","United States Senator","Statewide","Constitution Party","MARTY SELKER","453","0","0","374","0","0","70","0","0","9","0","0"
"2024 Presidential Election","ERIE","Attorney General","Statewide","Democratic","EUGENE DEPASQUALE","59,582","0","0","36,473","0","0","22,145","0","0","964","0","0"
"2024 Presidential Election","ERIE","Attorney General","Statewide","Republican","DAVE SUNDAY","70,359","0","0","56,599","0","0","12,846","0","0","914","0","0"
"2024 Presidential Election","ERIE","Attorney General","Statewide","Libertarian","ROBERT COWBURN","1,991","0","0","1,659","0","0","289","0","0","43","0","0"
"2024 Presidential Election","ERIE","Attorney General","Statewide","Green Party","RICHARD L WEISS","1,876","0","0","1,489","0","0","330","0","0","57","0","0"
"2024 Presidential Election","ERIE","Attorney General","Statewide","Constitution Party","JUSTIN L MAGILL","928","0","0","764","0","0","138","0","0","26","0","0"
"2024 Presidential Election","ERIE","Attorney General","Statewide","Forward Party","ERIC L SETTLE","389","0","0","276","0","0","99","0","0","14","0","0"
"2024 Presidential Election","ERIE","Auditor General","Statewide","Democratic","MALCOLM KENYATTA","60,903","0","0","37,438","0","0","22,435","0","0","1,030","0","0"
"2024 Presidential Election","ERIE","Auditor General","Statewide","Republican","TIM DEFOOR","67,487","0","0","54,429","0","0","12,207","0","0","851","0","0"
"2024 Presidential Election","ERIE","Auditor General","Statewide","Libertarian","REECE SMITH","2,797","0","0","2,308","0","0","435","0","0","54","0","0"
"2024 Presidential Election","ERIE","Auditor General","Statewide","American Solidarity Party","ERIC K ANTON","548","0","0","421","0","0","112","0","0","15","0","0"
"2024 Presidential Election","ERIE","Auditor General","Statewide","Constitution Party","BOB GOODRICH","1,648","0","0","1,383","0","0","224","0","0","41","0","0"
"2024 Presidential Election","ERIE","State Treasurer","Statewide","Democratic","ERIN MCCLELLAND","62,048","0","0","38,307","0","0","22,701","0","0","1,040","0","0"
"2024 Presidential Election","ERIE","State Treasurer","Statewide","Republican","STACY GARRITY","68,315","0","0","55,167","0","0","12,265","0","0","883","0","0"
"2024 Presidential Election","ERIE","State Treasurer","Statewide","Libertarian","NICKOLAS CIESIELSKI","2,132","0","0","1,741","0","0","348","0","0","43","0","0"
"2024 Presidential Election","ERIE","State Treasurer","Statewide","Constitution Party","TROY BOWMAN","1,014","0","0","857","0","0","133","0","0","24","0","0"
"2024 Presidential Election","ERIE","State Treasurer","Statewide","Forward Party","CHRIS FOSTER","676","0","0","513","0","0","146","0","0","17","0","0"
"2024 Presidential Election","ERIE","Representative in Congress","16th Congressional District","Democratic","PRESTON NOURI","62,766","0","0","38,131","0","0","23,570","0","0","1,065","0","0"
"2024 Presidential Election","ERIE","Representative in Congress","16th Congressional District","Republican","MIKE KELLY","69,490","0","0","56,029","0","0","12,494","0","0","967","0","0"
"2024 Presidential Election","ERIE","Senator in the General Assembly","21st Senatorial District","Republican","SCOTT E HUTCHINSON","3,562","0","0","3,005","0","0","523","0","0","34","0","0"
"2024 Presidential Election","ERIE","Senator in the General Assembly","49th Senatorial District","Democratic","JIM WERTZ","60,457","0","0","37,604","0","0","21,813","0","0","1,040","0","0"
"2024 Presidential Election","ERIE","Senator in the General Assembly","49th Senatorial District","Republican","DAN LAUGHLIN","71,293","0","0","56,960","0","0","13,383","0","0","950","0","0"
"2024 Presidential Election","ERIE","Representative in the General Assembly","1st Legislative District","Democratic","PATRICK J HARKINS","19,327","0","0","13,255","0","0","5,719","0","0","353","0","0"
"2024 Presidential Election","ERIE","Representative in the General Assembly","2nd Legislative District","Democratic","BOB MERSKI","19,803","0","0","12,765","0","0","6,784","0","0","254","0","0"
"2024 Presidential Election","ERIE","Representative in the General Assembly","2nd Legislative District","Republican","MATT STRUPCZEWSKI","11,639","0","0","9,366","0","0","2,120","0","0","153","0","0"
"2024 Presidential Election","ERIE","Representative in the General Assembly","3rd Legislative District","Democratic","RYAN BIZZARRO","22,015","0","0","13,063","0","0","8,679","0","0","273","0","0"
"2024 Presidential Election","ERIE","Representative in the General Assembly","3rd Legislative District","Republican","MICAH GORING","16,155","0","0","12,468","0","0","3,540","0","0","147","0","0"
"2024 Presidential Election","ERIE","Representative in the General Assembly","4th Legislative District","Democratic","JOE CANCILLA","10,845","0","0","6,827","0","0","3,869","0","0","149","0","0"
"2024 Presidential Election","ERIE","Representative in the General Assembly","4th Legislative District","Republican","JAKE BANTA","22,686","0","0","19,387","0","0","3,102","0","0","197","0","0"
"2024 Presidential Election","ERIE","Representative in the General Assembly","6th Legislative District","Democratic","MICHAEL WALKER","1,385","0","0","870","0","0","481","0","0","34","0","0"
"2024 Presidential Election","ERIE","Representative in the General Assembly","6th Legislative District","Republican","BRAD ROAE","3,040","0","0","2,609","0","0","389","0","0","42","0","0"
"2024 Presidential Election","FAYETTE","President of the United States","Statewide","Democratic","KAMALA D HARRIS","19,548","0","0","11,527","0","0","7,850","0","0","171","0","0"
"2024 Presidential Election","FAYETTE","President of the United States","Statewide","Republican","DONALD J TRUMP","43,633","0","0","37,089","0","0","6,193","0","0","351","0","0"
"2024 Presidential Election","FAYETTE","President of the United States","Statewide","Libertarian","CHASE OLIVER","169","0","0","127","0","0","41","0","0","1","0","0"
"2024 Presidential Election","FAYETTE","President of the United States","Statewide","Green Party","JILL STEIN","122","0","0","84","0","0","38","0","0","0","0","0"
"2024 Presidential Election","FAYETTE","United States Senator","Statewide","Democratic","ROBERT P CASEY JR","20,752","0","0","12,542","0","0","8,028","0","0","182","0","0"
"2024 Presidential Election","FAYETTE","United States Senator","Statewide","Republican","DAVE MCCORMICK","40,804","0","0","34,796","0","0","5,699","0","0","309","0","0"
"2024 Presidential Election","FAYETTE","United States Senator","Statewide","Libertarian","JOHN C THOMAS","741","0","0","597","0","0","133","0","0","11","0","0"
"2024 Presidential Election","FAYETTE","United States Senator","Statewide","Green Party","LEILA HAZOU","350","0","0","247","0","0","93","0","0","10","0","0"
"2024 Presidential Election","FAYETTE","United States Senator","Statewide","Constitution Party","MARTY SELKER","298","0","0","237","0","0","61","0","0","0","0","0"
"2024 Presidential Election","FAYETTE","Attorney General","Statewide","Democratic","EUGENE DEPASQUALE","20,057","0","0","12,129","0","0","7,752","0","0","176","0","0"
"2024 Presidential Election","FAYETTE","Attorney General","Statewide","Republican","DAVE SUNDAY","40,511","0","0","34,364","0","0","5,842","0","0","305","0","0"
"2024 Presidential Election","FAYETTE","Attorney General","Statewide","Libertarian","ROBERT COWBURN","751","0","0","626","0","0","112","0","0","13","0","0"
"2024 Presidential Election","FAYETTE","Attorney General","Statewide","Green Party","RICHARD L WEISS","408","0","0","309","0","0","90","0","0","9","0","0"
"2024 Presidential Election","FAYETTE","Attorney General","Statewide","Constitution Party","JUSTIN L MAGILL","392","0","0","312","0","0","77","0","0","3","0","0"
"2024 Presidential Election","FAYETTE","Attorney General","Statewide","Forward Party","ERIC L SETTLE","120","0","0","84","0","0","33","0","0","3","0","0"
"2024 Presidential Election","FAYETTE","Auditor General","Statewide","Democratic","MALCOLM KENYATTA","18,853","0","0","11,183","0","0","7,501","0","0","169","0","0"
"2024 Presidential Election","FAYETTE","Auditor General","Statewide","Republican","TIM DEFOOR","40,038","0","0","33,769","0","0","5,977","0","0","292","0","0"
"2024 Presidential Election","FAYETTE","Auditor General","Statewide","Libertarian","REECE SMITH","959","0","0","773","0","0","169","0","0","17","0","0"
"2024 Presidential Election","FAYETTE","Auditor General","Statewide","American Solidarity Party","ERIC K ANTON","175","0","0","145","0","0","27","0","0","3","0","0"
"2024 Presidential Election","FAYETTE","Auditor General","Statewide","Constitution Party","BOB GOODRICH","549","0","0","434","0","0","110","0","0","5","0","0"
"2024 Presidential Election","FAYETTE","State Treasurer","Statewide","Democratic","ERIN MCCLELLAND","18,878","0","0","11,131","0","0","7,576","0","0","171","0","0"
"2024 Presidential Election","FAYETTE","State Treasurer","Statewide","Republican","STACY GARRITY","40,394","0","0","34,162","0","0","5,942","0","0","290","0","0"
"2024 Presidential Election","FAYETTE","State Treasurer","Statewide","Libertarian","NICKOLAS CIESIELSKI","735","0","0","594","0","0","129","0","0","12","0","0"
"2024 Presidential Election","FAYETTE","State Treasurer","Statewide","Constitution Party","TROY BOWMAN","470","0","0","372","0","0","94","0","0","4","0","0"
"2024 Presidential Election","FAYETTE","State Treasurer","Statewide","Forward Party","CHRIS FOSTER","192","0","0","139","0","0","51","0","0","2","0","0"
"2024 Presidential Election","FAYETTE","Representative in Congress","14th Congressional District","Democratic","CHRIS DZIADOS","18,142","0","0","10,689","0","0","7,304","0","0","149","0","0"
"2024 Presidential Election","FAYETTE","Representative in Congress","14th Congressional District","Republican","GUY RESCHENTHALER","38,200","0","0","32,037","0","0","5,895","0","0","268","0","0"
"2024 Presidential Election","FAYETTE","Representative in the General Assembly","51st Legislative District","Democratic","GEORGE HUCK RATTAY","10,425","0","0","6,117","0","0","4,201","0","0","107","0","0"
"2024 Presidential Election","FAYETTE","Representative in the General Assembly","51st Legislative District","Republican","CHARITY GRIMM KRUPA","19,945","0","0","16,435","0","0","3,381","0","0","129","0","0"
"2024 Presidential Election","FAYETTE","Representative in the General Assembly","52nd Legislative District","Republican","RYAN WARNER","25,794","0","0","21,345","0","0","4,254","0","0","195","0","0"
"2024 Presidential Election","FOREST","President of the United States","Statewide","Democratic","KAMALA D HARRIS","724","0","0","437","0","0","282","0","0","5","0","0"
"2024 Presidential Election","FOREST","President of the United States","Statewide","Republican","DONALD J TRUMP","1,902","0","0","1,583","0","0","314","0","0","5","0","0"
"2024 Presidential Election","FOREST","President of the United States","Statewide","Libertarian","CHASE OLIVER","9","0","0","8","0","0","1","0","0","0","0","0"
"2024 Presidential Election","FOREST","President of the United States","Statewide","Green Party","JILL STEIN","15","0","0","11","0","0","4","0","0","0","0","0"
"2024 Presidential Election","FOREST","United States Senator","Statewide","Democratic","ROBERT P CASEY JR","741","0","0","450","0","0","285","0","0","6","0","0"
"2024 Presidential Election","FOREST","United States Senator","Statewide","Republican","DAVE MCCORMICK","1,808","0","0","1,503","0","0","301","0","0","4","0","0"
"2024 Presidential Election","FOREST","United States Senator","Statewide","Libertarian","JOHN C THOMAS","51","0","0","43","0","0","8","0","0","0","0","0"
"2024 Presidential Election","FOREST","United States Senator","Statewide","Green Party","LEILA HAZOU","23","0","0","15","0","0","8","0","0","0","0","0"
"2024 Presidential Election","FOREST","United States Senator","Statewide","Constitution Party","MARTY SELKER","26","0","0","23","0","0","3","0","0","0","0","0"
"2024 Presidential Election","FOREST","Attorney General","Statewide","Democratic","EUGENE DEPASQUALE","681","0","0","413","0","0","265","0","0","3","0","0"
"2024 Presidential Election","FOREST","Attorney General","Statewide","Republican","DAVE SUNDAY","1,862","0","0","1,539","0","0","316","0","0","7","0","0"
"2024 Presidential Election","FOREST","Attorney General","Statewide","Libertarian","ROBERT COWBURN","30","0","0","24","0","0","6","0","0","0","0","0"
"2024 Presidential Election","FOREST","Attorney General","Statewide","Green Party","RICHARD L WEISS","20","0","0","19","0","0","1","0","0","0","0","0"
"2024 Presidential Election","FOREST","Attorney General","Statewide","Constitution Party","JUSTIN L MAGILL","20","0","0","17","0","0","3","0","0","0","0","0"
"2024 Presidential Election","FOREST","Attorney General","Statewide","Forward Party","ERIC L SETTLE","8","0","0","3","0","0","5","0","0","0","0","0"
"2024 Presidential Election","FOREST","Auditor General","Statewide","Democratic","MALCOLM KENYATTA","642","0","0","384","0","0","252","0","0","6","0","0"
"2024 Presidential Election","FOREST","Auditor General","Statewide","Republican","TIM DEFOOR","1,850","0","0","1,526","0","0","320","0","0","4","0","0"
"2024 Presidential Election","FOREST","Auditor General","Statewide","Libertarian","REECE SMITH","46","0","0","38","0","0","8","0","0","0","0","0"
"2024 Presidential Election","FOREST","Auditor General","Statewide","American Solidarity Party","ERIC K ANTON","15","0","0","14","0","0","1","0","0","0","0","0"
"2024 Presidential Election","FOREST","Auditor General","Statewide","Constitution Party","BOB GOODRICH","45","0","0","37","0","0","8","0","0","0","0","0"
"2024 Presidential Election","FOREST","State Treasurer","Statewide","Democratic","ERIN MCCLELLAND","628","0","0","369","0","0","253","0","0","6","0","0"
"2024 Presidential Election","FOREST","State Treasurer","Statewide","Republican","STACY GARRITY","1,907","0","0","1,581","0","0","322","0","0","4","0","0"
"2024 Presidential Election","FOREST","State Treasurer","Statewide","Libertarian","NICKOLAS CIESIELSKI","26","0","0","20","0","0","6","0","0","0","0","0"
"2024 Presidential Election","FOREST","State Treasurer","Statewide","Constitution Party","TROY BOWMAN","24","0","0","21","0","0","3","0","0","0","0","0"
"2024 Presidential Election","FOREST","State Treasurer","Statewide","Forward Party","CHRIS FOSTER","15","0","0","14","0","0","1","0","0","0","0","0"
"2024 Presidential Election","FOREST","Representative in Congress","15th Congressional District","Democratic","ZACH WOMER","647","0","0","387","0","0","255","0","0","5","0","0"
"2024 Presidential Election","FOREST","Representative in Congress","15th Congressional District","Republican","GLENN GT THOMPSON","1,986","0","0","1,635","0","0","346","0","0","5","0","0"
"2024 Presidential Election","FOREST","Senator in the General Assembly","21st Senatorial District","Republican","SCOTT E HUTCHINSON","2,326","0","0","1,877","0","0","442","0","0","7","0","0"
"2024 Presidential Election","FOREST","Representative in the General Assembly","65th Legislative District","Democratic","ERIN WILLMAN","582","0","0","357","0","0","221","0","0","4","0","0"
"2024 Presidential Election","FOREST","Representative in the General Assembly","65th Legislative District","Republican","KATHY L RAPP","2,038","0","0","1,665","0","0","368","0","0","5","0","0"
"2024 Presidential Election","FRANKLIN","President of the United States","Statewide","Democratic","KAMALA D HARRIS","23,543","0","0","14,301","0","0","9,109","0","0","133","0","0"
"2024 Presidential Election","FRANKLIN","President of the United States","Statewide","Republican","DONALD J TRUMP","59,604","0","0","48,127","0","0","11,312","0","0","165","0","0"
"2024 Presidential Election","FRANKLIN","President of the United States","Statewide","Libertarian","CHASE OLIVER","457","0","0","356","0","0","97","0","0","4","0","0"
"2024 Presidential Election","FRANKLIN","President of the United States","Statewide","Green Party","JILL STEIN","280","0","0","190","0","0","85","0","0","5","0","0"
"2024 Presidential Election","FRANKLIN","United States Senator","Statewide","Democratic","ROBERT P CASEY JR","23,591","0","0","14,493","0","0","8,971","0","0","127","0","0"
"2024 Presidential Election","FRANKLIN","United States Senator","Statewide","Republican","DAVE MCCORMICK","57,217","0","0","46,056","0","0","10,997","0","0","164","0","0"
"2024 Presidential Election","FRANKLIN","United States Senator","Statewide","Libertarian","JOHN C THOMAS","1,321","0","0","1,084","0","0","234","0","0","3","0","0"
"2024 Presidential Election","FRANKLIN","United States Senator","Statewide","Green Party","LEILA HAZOU","590","0","0","439","0","0","146","0","0","5","0","0"
"2024 Presidential Election","FRANKLIN","United States Senator","Statewide","Constitution Party","MARTY SELKER","402","0","0","302","0","0","99","0","0","1","0","0"
"2024 Presidential Election","FRANKLIN","Attorney General","Statewide","Democratic","EUGENE DEPASQUALE","21,688","0","0","13,193","0","0","8,389","0","0","106","0","0"
"2024 Presidential Election","FRANKLIN","Attorney General","Statewide","Republican","DAVE SUNDAY","58,263","0","0","46,664","0","0","11,427","0","0","172","0","0"
"2024 Presidential Election","FRANKLIN","Attorney General","Statewide","Libertarian","ROBERT COWBURN","1,267","0","0","1,070","0","0","193","0","0","4","0","0"
"2024 Presidential Election","FRANKLIN","Attorney General","Statewide","Green Party","RICHARD L WEISS","625","0","0","499","0","0","117","0","0","9","0","0"
"2024 Presidential Election","FRANKLIN","Attorney General","Statewide","Constitution Party","JUSTIN L MAGILL","488","0","0","390","0","0","97","0","0","1","0","0"
"2024 Presidential Election","FRANKLIN","Attorney General","Statewide","Forward Party","ERIC L SETTLE","223","0","0","155","0","0","66","0","0","2","0","0"
"2024 Presidential Election","FRANKLIN","Auditor General","Statewide","Democratic","MALCOLM KENYATTA","20,730","0","0","12,473","0","0","8,145","0","0","112","0","0"
"2024 Presidential Election","FRANKLIN","Auditor General","Statewide","Republican","TIM DEFOOR","58,453","0","0","46,709","0","0","11,584","0","0","160","0","0"
"2024 Presidential Election","FRANKLIN","Auditor General","Statewide","Libertarian","REECE SMITH","1,693","0","0","1,395","0","0","286","0","0","12","0","0"
"2024 Presidential Election","FRANKLIN","Auditor General","Statewide","American Solidarity Party","ERIC K ANTON","271","0","0","222","0","0","49","0","0","0","0","0"
"2024 Presidential Election","FRANKLIN","Auditor General","Statewide","Constitution Party","BOB GOODRICH","907","0","0","759","0","0","140","0","0","8","0","0"
"2024 Presidential Election","FRANKLIN","State Treasurer","Statewide","Democratic","ERIN MCCLELLAND","20,559","0","0","12,297","0","0","8,150","0","0","112","0","0"
"2024 Presidential Election","FRANKLIN","State Treasurer","Statewide","Republican","STACY GARRITY","59,212","0","0","47,389","0","0","11,657","0","0","166","0","0"
"2024 Presidential Election","FRANKLIN","State Treasurer","Statewide","Libertarian","NICKOLAS CIESIELSKI","1,325","0","0","1,120","0","0","200","0","0","5","0","0"
"2024 Presidential Election","FRANKLIN","State Treasurer","Statewide","Constitution Party","TROY BOWMAN","681","0","0","558","0","0","117","0","0","6","0","0"
"2024 Presidential Election","FRANKLIN","State Treasurer","Statewide","Forward Party","CHRIS FOSTER","312","0","0","219","0","0","90","0","0","3","0","0"
"2024 Presidential Election","FRANKLIN","Representative in Congress","13th Congressional District","Democratic","BETH FARNHAM","22,096","0","0","13,407","0","0","8,572","0","0","117","0","0"
"2024 Presidential Election","FRANKLIN","Representative in Congress","13th Congressional District","Republican","JOHN JOYCE","60,205","0","0","48,307","0","0","11,726","0","0","172","0","0"
"2024 Presidential Election","FRANKLIN","Senator in the General Assembly","33rd Senatorial District","Democratic","CAMERON SCHROY","24,120","0","0","14,886","0","0","9,103","0","0","131","0","0"
"2024 Presidential Election","FRANKLIN","Senator in the General Assembly","33rd Senatorial District","Republican","DOUG MASTRIANO","58,474","0","0","47,128","0","0","11,183","0","0","163","0","0"
"2024 Presidential Election","FRANKLIN","Representative in the General Assembly","81st Legislative District","Democratic","SEAN STEEG","2,485","0","0","1,637","0","0","835","0","0","13","0","0"
"2024 Presidential Election","FRANKLIN","Representative in the General Assembly","81st Legislative District","Republican","RICH IRVIN","10,045","0","0","8,595","0","0","1,424","0","0","26","0","0"
"2024 Presidential Election","FRANKLIN","Representative in the General Assembly","89th Legislative District","Democratic","NOAH KREISCHER","10,014","0","0","5,764","0","0","4,199","0","0","51","0","0"
"2024 Presidential Election","FRANKLIN","Representative in the General Assembly","89th Legislative District","Republican","ROB KAUFFMAN","24,531","0","0","17,950","0","0","6,510","0","0","71","0","0"
"2024 Presidential Election","FRANKLIN","Representative in the General Assembly","90th Legislative District","Republican","CHAD GERALD REICHARD","29,817","0","0","24,514","0","0","5,203","0","0","100","0","0"
"2024 Presidential Election","FULTON","President of the United States","Statewide","Democratic","KAMALA D HARRIS","1,102","0","0","715","0","0","374","0","0","13","0","0"
"2024 Presidential Election","FULTON","President of the United States","Statewide","Republican","DONALD J TRUMP","7,039","0","0","6,059","0","0","942","0","0","38","0","0"
"2024 Presidential Election","FULTON","President of the United States","Statewide","Libertarian","CHASE OLIVER","23","0","0","16","0","0","6","0","0","1","0","0"
"2024 Presidential Election","FULTON","President of the United States","Statewide","Green Party","JILL STEIN","13","0","0","11","0","0","1","0","0","1","0","0"
"2024 Presidential Election","FULTON","United States Senator","Statewide","Democratic","ROBERT P CASEY JR","1,197","0","0","805","0","0","375","0","0","17","0","0"
"2024 Presidential Election","FULTON","United States Senator","Statewide","Republican","DAVE MCCORMICK","6,773","0","0","5,799","0","0","941","0","0","33","0","0"
"2024 Presidential Election","FULTON","United States Senator","Statewide","Libertarian","JOHN C THOMAS","88","0","0","75","0","0","12","0","0","1","0","0"
"2024 Presidential Election","FULTON","United States Senator","Statewide","Green Party","LEILA HAZOU","32","0","0","20","0","0","11","0","0","1","0","0"
"2024 Presidential Election","FULTON","United States Senator","Statewide","Constitution Party","MARTY SELKER","26","0","0","23","0","0","2","0","0","1","0","0"
"2024 Presidential Election","FULTON","Attorney General","Statewide","Democratic","EUGENE DEPASQUALE","1,048","0","0","683","0","0","352","0","0","13","0","0"
"2024 Presidential Election","FULTON","Attorney General","Statewide","Republican","DAVE SUNDAY","6,773","0","0","5,789","0","0","949","0","0","35","0","0"
"2024 Presidential Election","FULTON","Attorney General","Statewide","Libertarian","ROBERT COWBURN","95","0","0","83","0","0","10","0","0","2","0","0"
"2024 Presidential Election","FULTON","Attorney General","Statewide","Green Party","RICHARD L WEISS","37","0","0","31","0","0","6","0","0","0","0","0"
"2024 Presidential Election","FULTON","Attorney General","Statewide","Constitution Party","JUSTIN L MAGILL","44","0","0","37","0","0","5","0","0","2","0","0"
"2024 Presidential Election","FULTON","Attorney General","Statewide","Forward Party","ERIC L SETTLE","14","0","0","7","0","0","7","0","0","0","0","0"
"2024 Presidential Election","FULTON","Auditor General","Statewide","Democratic","MALCOLM KENYATTA","977","0","0","632","0","0","334","0","0","11","0","0"
"2024 Presidential Election","FULTON","Auditor General","Statewide","Republican","TIM DEFOOR","6,806","0","0","5,803","0","0","965","0","0","38","0","0"
"2024 Presidential Election","FULTON","Auditor General","Statewide","Libertarian","REECE SMITH","104","0","0","91","0","0","12","0","0","1","0","0"
"2024 Presidential Election","FULTON","Auditor General","Statewide","American Solidarity Party","ERIC K ANTON","18","0","0","13","0","0","5","0","0","0","0","0"
"2024 Presidential Election","FULTON","Auditor General","Statewide","Constitution Party","BOB GOODRICH","78","0","0","68","0","0","9","0","0","1","0","0"
"2024 Presidential Election","FULTON","State Treasurer","Statewide","Democratic","ERIN MCCLELLAND","1,028","0","0","663","0","0","351","0","0","14","0","0"
"2024 Presidential Election","FULTON","State Treasurer","Statewide","Republican","STACY GARRITY","6,781","0","0","5,794","0","0","952","0","0","35","0","0"
"2024 Presidential Election","FULTON","State Treasurer","Statewide","Libertarian","NICKOLAS CIESIELSKI","88","0","0","73","0","0","14","0","0","1","0","0"
"2024 Presidential Election","FULTON","State Treasurer","Statewide","Constitution Party","TROY BOWMAN","79","0","0","68","0","0","10","0","0","1","0","0"
"2024 Presidential Election","FULTON","State Treasurer","Statewide","Forward Party","CHRIS FOSTER","21","0","0","18","0","0","2","0","0","1","0","0"
"2024 Presidential Election","FULTON","Representative in Congress","13th Congressional District","Democratic","BETH FARNHAM","1,040","0","0","677","0","0","350","0","0","13","0","0"
"2024 Presidential Election","FULTON","Representative in Congress","13th Congressional District","Republican","JOHN JOYCE","7,021","0","0","5,994","0","0","988","0","0","39","0","0"
"2024 Presidential Election","FULTON","Representative in the General Assembly","78th Legislative District","Republican","JESSE TOPPER","7,443","0","0","6,278","0","0","1,117","0","0","48","0","0"
"2024 Presidential Election","GREENE","President of the United States","Statewide","Democratic","KAMALA D HARRIS","4,592","0","0","2,802","0","0","1,765","0","0","25","0","0"
"2024 Presidential Election","GREENE","President of the United States","Statewide","Republican","DONALD J TRUMP","12,319","0","0","10,649","0","0","1,627","0","0","43","0","0"
"2024 Presidential Election","GREENE","President of the United States","Statewide","Libertarian","CHASE OLIVER","90","0","0","75","0","0","14","0","0","1","0","0"
"2024 Presidential Election","GREENE","President of the United States","Statewide","Green Party","JILL STEIN","235","0","0","219","0","0","16","0","0","0","0","0"
"2024 Presidential Election","GREENE","United States Senator","Statewide","Democratic","ROBERT P CASEY JR","5,075","0","0","3,206","0","0","1,843","0","0","26","0","0"
"2024 Presidential Election","GREENE","United States Senator","Statewide","Republican","DAVE MCCORMICK","11,643","0","0","10,109","0","0","1,494","0","0","40","0","0"
"2024 Presidential Election","GREENE","United States Senator","Statewide","Libertarian","JOHN C THOMAS","251","0","0","217","0","0","32","0","0","2","0","0"
"2024 Presidential Election","GREENE","United States Senator","Statewide","Green Party","LEILA HAZOU","91","0","0","69","0","0","21","0","0","1","0","0"
"2024 Presidential Election","GREENE","United States Senator","Statewide","Constitution Party","MARTY SELKER","85","0","0","60","0","0","25","0","0","0","0","0"
"2024 Presidential Election","GREENE","Attorney General","Statewide","Democratic","EUGENE DEPASQUALE","4,792","0","0","3,027","0","0","1,740","0","0","25","0","0"
"2024 Presidential Election","GREENE","Attorney General","Statewide","Republican","DAVE SUNDAY","11,553","0","0","9,977","0","0","1,536","0","0","40","0","0"
"2024 Presidential Election","GREENE","Attorney General","Statewide","Libertarian","ROBERT COWBURN","203","0","0","174","0","0","28","0","0","1","0","0"
"2024 Presidential Election","GREENE","Attorney General","Statewide","Green Party","RICHARD L WEISS","173","0","0","140","0","0","30","0","0","3","0","0"
"2024 Presidential Election","GREENE","Attorney General","Statewide","Constitution Party","JUSTIN L MAGILL","99","0","0","78","0","0","21","0","0","0","0","0"
"2024 Presidential Election","GREENE","Attorney General","Statewide","Forward Party","ERIC L SETTLE","44","0","0","36","0","0","8","0","0","0","0","0"
"2024 Presidential Election","GREENE","Auditor General","Statewide","Democratic","MALCOLM KENYATTA","4,627","0","0","2,894","0","0","1,707","0","0","26","0","0"
"2024 Presidential Election","GREENE","Auditor General","Statewide","Republican","TIM DEFOOR","11,571","0","0","9,969","0","0","1,560","0","0","42","0","0"
"2024 Presidential Election","GREENE","Auditor General","Statewide","Libertarian","REECE SMITH","268","0","0","230","0","0","37","0","0","1","0","0"
"2024 Presidential Election","GREENE","Auditor General","Statewide","American Solidarity Party","ERIC K ANTON","73","0","0","65","0","0","8","0","0","0","0","0"
"2024 Presidential Election","GREENE","Auditor General","Statewide","Constitution Party","BOB GOODRICH","205","0","0","177","0","0","28","0","0","0","0","0"
"2024 Presidential Election","GREENE","State Treasurer","Statewide","Democratic","ERIN MCCLELLAND","4,662","0","0","2,924","0","0","1,713","0","0","25","0","0"
"2024 Presidential Election","GREENE","State Treasurer","Statewide","Republican","STACY GARRITY","11,743","0","0","10,148","0","0","1,554","0","0","41","0","0"
"2024 Presidential Election","GREENE","State Treasurer","Statewide","Libertarian","NICKOLAS CIESIELSKI","207","0","0","170","0","0","35","0","0","2","0","0"
"2024 Presidential Election","GREENE","State Treasurer","Statewide","Constitution Party","TROY BOWMAN","157","0","0","134","0","0","23","0","0","0","0","0"
"2024 Presidential Election","GREENE","State Treasurer","Statewide","Forward Party","CHRIS FOSTER","55","0","0","41","0","0","14","0","0","0","0","0"
"2024 Presidential Election","GREENE","Representative in Congress","14th Congressional District","Democratic","CHRIS DZIADOS","4,834","0","0","3,057","0","0","1,750","0","0","27","0","0"
"2024 Presidential Election","GREENE","Representative in Congress","14th Congressional District","Republican","GUY RESCHENTHALER","12,081","0","0","10,418","0","0","1,622","0","0","41","0","0"
"2024 Presidential Election","GREENE","Representative in the General Assembly","50th Legislative District","Democratic","DREW ROSS MANKO","4,674","0","0","2,981","0","0","1,668","0","0","25","0","0"
"2024 Presidential Election","GREENE","Representative in the General Assembly","50th Legislative District","Republican","BUD COOK","12,166","0","0","10,452","0","0","1,672","0","0","42","0","0"
"2024 Presidential Election","HUNTINGDON","President of the United States","Statewide","Democratic","KAMALA D HARRIS","5,368","0","0","3,591","0","0","1,745","0","0","32","0","0"
"2024 Presidential Election","HUNTINGDON","President of the United States","Statewide","Republican","DONALD J TRUMP","17,627","0","0","15,373","0","0","2,190","0","0","64","0","0"
"2024 Presidential Election","HUNTINGDON","President of the United States","Statewide","Libertarian","CHASE OLIVER","108","0","0","91","0","0","16","0","0","1","0","0"
"2024 Presidential Election","HUNTINGDON","President of the United States","Statewide","Green Party","JILL STEIN","53","0","0","38","0","0","15","0","0","0","0","0"
"2024 Presidential Election","HUNTINGDON","United States Senator","Statewide","Democratic","ROBERT P CASEY JR","5,582","0","0","3,787","0","0","1,764","0","0","31","0","0"
"2024 Presidential Election","HUNTINGDON","United States Senator","Statewide","Republican","DAVE MCCORMICK","16,910","0","0","14,737","0","0","2,114","0","0","59","0","0"
"2024 Presidential Election","HUNTINGDON","United States Senator","Statewide","Libertarian","JOHN C THOMAS","323","0","0","268","0","0","51","0","0","4","0","0"
"2024 Presidential Election","HUNTINGDON","United States Senator","Statewide","Green Party","LEILA HAZOU","107","0","0","88","0","0","18","0","0","1","0","0"
"2024 Presidential Election","HUNTINGDON","United States Senator","Statewide","Constitution Party","MARTY SELKER","106","0","0","89","0","0","17","0","0","0","0","0"
"2024 Presidential Election","HUNTINGDON","Attorney General","Statewide","Democratic","EUGENE DEPASQUALE","4,790","0","0","3,185","0","0","1,581","0","0","24","0","0"
"2024 Presidential Election","HUNTINGDON","Attorney General","Statewide","Republican","DAVE SUNDAY","17,448","0","0","15,113","0","0","2,275","0","0","60","0","0"
"2024 Presidential Election","HUNTINGDON","Attorney General","Statewide","Libertarian","ROBERT COWBURN","271","0","0","239","0","0","30","0","0","2","0","0"
"2024 Presidential Election","HUNTINGDON","Attorney General","Statewide","Green Party","RICHARD L WEISS","160","0","0","138","0","0","19","0","0","3","0","0"
"2024 Presidential Election","HUNTINGDON","Attorney General","Statewide","Constitution Party","JUSTIN L MAGILL","138","0","0","116","0","0","21","0","0","1","0","0"
"2024 Presidential Election","HUNTINGDON","Attorney General","Statewide","Forward Party","ERIC L SETTLE","57","0","0","47","0","0","9","0","0","1","0","0"
"2024 Presidential Election","HUNTINGDON","Auditor General","Statewide","Democratic","MALCOLM KENYATTA","4,805","0","0","3,185","0","0","1,594","0","0","26","0","0"
"2024 Presidential Election","HUNTINGDON","Auditor General","Statewide","Republican","TIM DEFOOR","17,233","0","0","14,935","0","0","2,241","0","0","57","0","0"
"2024 Presidential Election","HUNTINGDON","Auditor General","Statewide","Libertarian","REECE SMITH","383","0","0","335","0","0","44","0","0","4","0","0"
"2024 Presidential Election","HUNTINGDON","Auditor General","Statewide","American Solidarity Party","ERIC K ANTON","75","0","0","65","0","0","10","0","0","0","0","0"
"2024 Presidential Election","HUNTINGDON","Auditor General","Statewide","Constitution Party","BOB GOODRICH","255","0","0","221","0","0","32","0","0","2","0","0"
"2024 Presidential Election","HUNTINGDON","State Treasurer","Statewide","Democratic","ERIN MCCLELLAND","4,853","0","0","3,220","0","0","1,605","0","0","28","0","0"
"2024 Presidential Election","HUNTINGDON","State Treasurer","Statewide","Republican","STACY GARRITY","17,365","0","0","15,057","0","0","2,249","0","0","59","0","0"
"2024 Presidential Election","HUNTINGDON","State Treasurer","Statewide","Libertarian","NICKOLAS CIESIELSKI","276","0","0","235","0","0","38","0","0","3","0","0"
"2024 Presidential Election","HUNTINGDON","State Treasurer","Statewide","Constitution Party","TROY BOWMAN","176","0","0","155","0","0","21","0","0","0","0","0"
"2024 Presidential Election","HUNTINGDON","State Treasurer","Statewide","Forward Party","CHRIS FOSTER","112","0","0","99","0","0","12","0","0","1","0","0"
"2024 Presidential Election","HUNTINGDON","Representative in Congress","13th Congressional District","Democratic","BETH FARNHAM","5,052","0","0","3,386","0","0","1,636","0","0","30","0","0"
"2024 Presidential Election","HUNTINGDON","Representative in Congress","13th Congressional District","Republican","JOHN JOYCE","17,848","0","0","15,478","0","0","2,308","0","0","62","0","0"
"2024 Presidential Election","HUNTINGDON","Representative in the General Assembly","80th Legislative District","Republican","SCOTT BARGER","1,359","0","0","1,171","0","0","187","0","0","1","0","0"
"2024 Presidential Election","HUNTINGDON","Representative in the General Assembly","81st Legislative District","Democratic","SEAN STEEG","4,490","0","0","2,998","0","0","1,463","0","0","29","0","0"
"2024 Presidential Election","HUNTINGDON","Representative in the General Assembly","81st Legislative District","Republican","RICH IRVIN","16,795","0","0","14,512","0","0","2,222","0","0","61","0","0"
"2024 Presidential Election","INDIANA","President of the United States","Statewide","Democratic","KAMALA D HARRIS","12,697","0","0","7,846","0","0","4,771","0","0","80","0","0"
"2024 Presidential Election","INDIANA","President of the United States","Statewide","Republican","DONALD J TRUMP","29,215","0","0","24,660","0","0","4,458","0","0","97","0","0"
"2024 Presidential Election","INDIANA","President of the United States","Statewide","Libertarian","CHASE OLIVER","194","0","0","147","0","0","46","0","0","1","0","0"
"2024 Presidential Election","INDIANA","President of the United States","Statewide","Green Party","JILL STEIN","123","0","0","78","0","0","44","0","0","1","0","0"
"2024 Presidential Election","INDIANA","United States Senator","Statewide","Democratic","ROBERT P CASEY JR","13,181","0","0","8,299","0","0","4,797","0","0","85","0","0"
"2024 Presidential Election","INDIANA","United States Senator","Statewide","Republican","DAVE MCCORMICK","27,881","0","0","23,488","0","0","4,312","0","0","81","0","0"
"2024 Presidential Election","INDIANA","United States Senator","Statewide","Libertarian","JOHN C THOMAS","559","0","0","462","0","0","95","0","0","2","0","0"
"2024 Presidential Election","INDIANA","United States Senator","Statewide","Green Party","LEILA HAZOU","270","0","0","197","0","0","70","0","0","3","0","0"
"2024 Presidential Election","INDIANA","United States Senator","Statewide","Constitution Party","MARTY SELKER","177","0","0","154","0","0","23","0","0","0","0","0"
"2024 Presidential Election","INDIANA","Attorney General","Statewide","Democratic","EUGENE DEPASQUALE","12,340","0","0","7,705","0","0","4,557","0","0","78","0","0"
"2024 Presidential Election","INDIANA","Attorney General","Statewide","Republican","DAVE SUNDAY","28,062","0","0","23,536","0","0","4,445","0","0","81","0","0"
"2024 Presidential Election","INDIANA","Attorney General","Statewide","Libertarian","ROBERT COWBURN","597","0","0","519","0","0","75","0","0","3","0","0"
"2024 Presidential Election","INDIANA","Attorney General","Statewide","Green Party","RICHARD L WEISS","313","0","0","247","0","0","60","0","0","6","0","0"
"2024 Presidential Election","INDIANA","Attorney General","Statewide","Constitution Party","JUSTIN L MAGILL","251","0","0","213","0","0","38","0","0","0","0","0"
"2024 Presidential Election","INDIANA","Attorney General","Statewide","Forward Party","ERIC L SETTLE","86","0","0","72","0","0","14","0","0","0","0","0"
"2024 Presidential Election","INDIANA","Auditor General","Statewide","Democratic","MALCOLM KENYATTA","11,910","0","0","7,396","0","0","4,433","0","0","81","0","0"
"2024 Presidential Election","INDIANA","Auditor General","Statewide","Republican","TIM DEFOOR","28,140","0","0","23,547","0","0","4,512","0","0","81","0","0"
"2024 Presidential Election","INDIANA","Auditor General","Statewide","Libertarian","REECE SMITH","793","0","0","661","0","0","128","0","0","4","0","0"
"2024 Presidential Election","INDIANA","Auditor General","Statewide","American Solidarity Party","ERIC K ANTON","119","0","0","103","0","0","16","0","0","0","0","0"
"2024 Presidential Election","INDIANA","Auditor General","Statewide","Constitution Party","BOB GOODRICH","480","0","0","416","0","0","63","0","0","1","0","0"
"2024 Presidential Election","INDIANA","State Treasurer","Statewide","Democratic","ERIN MCCLELLAND","11,857","0","0","7,278","0","0","4,502","0","0","77","0","0"
"2024 Presidential Election","INDIANA","State Treasurer","Statewide","Republican","STACY GARRITY","28,176","0","0","23,645","0","0","4,450","0","0","81","0","0"
"2024 Presidential Election","INDIANA","State Treasurer","Statewide","Libertarian","NICKOLAS CIESIELSKI","562","0","0","480","0","0","80","0","0","2","0","0"
"2024 Presidential Election","INDIANA","State Treasurer","Statewide","Constitution Party","TROY BOWMAN","332","0","0","284","0","0","45","0","0","3","0","0"
"2024 Presidential Election","INDIANA","State Treasurer","Statewide","Forward Party","CHRIS FOSTER","163","0","0","127","0","0","34","0","0","2","0","0"
"2024 Presidential Election","INDIANA","Representative in Congress","14th Congressional District","Democratic","CHRIS DZIADOS","12,009","0","0","7,478","0","0","4,454","0","0","77","0","0"
"2024 Presidential Election","INDIANA","Representative in Congress","14th Congressional District","Republican","GUY RESCHENTHALER","25,493","0","0","21,327","0","0","4,087","0","0","79","0","0"
"2024 Presidential Election","INDIANA","Representative in Congress","15th Congressional District","Democratic","ZACH WOMER","614","0","0","401","0","0","210","0","0","3","0","0"
"2024 Presidential Election","INDIANA","Representative in Congress","15th Congressional District","Republican","GLENN GT THOMPSON","3,358","0","0","2,924","0","0","427","0","0","7","0","0"
"2024 Presidential Election","INDIANA","Senator in the General Assembly","41st Senatorial District","Republican","JOE PITTMAN","35,982","0","0","29,087","0","0","6,750","0","0","145","0","0"
"2024 Presidential Election","INDIANA","Representative in the General Assembly","62nd Legislative District","Republican","JIM STRUZZI","28,152","0","0","22,489","0","0","5,554","0","0","109","0","0"
"2024 Presidential Election","INDIANA","Representative in the General Assembly","66th Legislative District","Republican","BRIAN SMITH","7,824","0","0","6,590","0","0","1,206","0","0","28","0","0"
"2024 Presidential Election","JEFFERSON","President of the United States","Statewide","Democratic","KAMALA D HARRIS","4,707","0","0","2,998","0","0","1,700","0","0","9","0","0"
"2024 Presidential Election","JEFFERSON","President of the United States","Statewide","Republican","DONALD J TRUMP","18,235","0","0","15,387","0","0","2,812","0","0","36","0","0"
"2024 Presidential Election","JEFFERSON","President of the United States","Statewide","Libertarian","CHASE OLIVER","131","0","0","107","0","0","23","0","0","1","0","0"
"2024 Presidential Election","JEFFERSON","President of the United States","Statewide","Green Party","JILL STEIN","56","0","0","45","0","0","11","0","0","0","0","0"
"2024 Presidential Election","JEFFERSON","United States Senator","Statewide","Democratic","ROBERT P CASEY JR","4,834","0","0","3,135","0","0","1,691","0","0","8","0","0"
"2024 Presidential Election","JEFFERSON","United States Senator","Statewide","Republican","DAVE MCCORMICK","17,618","0","0","14,838","0","0","2,744","0","0","36","0","0"
"2024 Presidential Election","JEFFERSON","United States Senator","Statewide","Libertarian","JOHN C THOMAS","354","0","0","302","0","0","51","0","0","1","0","0"
"2024 Presidential Election","JEFFERSON","United States Senator","Statewide","Green Party","LEILA HAZOU","99","0","0","78","0","0","21","0","0","0","0","0"
"2024 Presidential Election","JEFFERSON","United States Senator","Statewide","Constitution Party","MARTY SELKER","173","0","0","149","0","0","23","0","0","1","0","0"
"2024 Presidential Election","JEFFERSON","Attorney General","Statewide","Democratic","EUGENE DEPASQUALE","4,307","0","0","2,750","0","0","1,550","0","0","7","0","0"
"2024 Presidential Election","JEFFERSON","Attorney General","Statewide","Republican","DAVE SUNDAY","17,974","0","0","15,090","0","0","2,855","0","0","29","0","0"
"2024 Presidential Election","JEFFERSON","Attorney General","Statewide","Libertarian","ROBERT COWBURN","337","0","0","285","0","0","50","0","0","2","0","0"
"2024 Presidential Election","JEFFERSON","Attorney General","Statewide","Green Party","RICHARD L WEISS","120","0","0","97","0","0","23","0","0","0","0","0"
"2024 Presidential Election","JEFFERSON","Attorney General","Statewide","Constitution Party","JUSTIN L MAGILL","149","0","0","125","0","0","24","0","0","0","0","0"
"2024 Presidential Election","JEFFERSON","Attorney General","Statewide","Forward Party","ERIC L SETTLE","36","0","0","29","0","0","7","0","0","0","0","0"
"2024 Presidential Election","JEFFERSON","Auditor General","Statewide","Democratic","MALCOLM KENYATTA","4,185","0","0","2,641","0","0","1,537","0","0","7","0","0"
"2024 Presidential Election","JEFFERSON","Auditor General","Statewide","Republican","TIM DEFOOR","17,769","0","0","14,889","0","0","2,851","0","0","29","0","0"
"2024 Presidential Election","JEFFERSON","Auditor General","Statewide","Libertarian","REECE SMITH","429","0","0","373","0","0","55","0","0","1","0","0"
"2024 Presidential Election","JEFFERSON","Auditor General","Statewide","American Solidarity Party","ERIC K ANTON","52","0","0","42","0","0","10","0","0","0","0","0"
"2024 Presidential Election","JEFFERSON","Auditor General","Statewide","Constitution Party","BOB GOODRICH","199","0","0","164","0","0","34","0","0","1","0","0"
"2024 Presidential Election","JEFFERSON","State Treasurer","Statewide","Democratic","ERIN MCCLELLAND","4,398","0","0","2,810","0","0","1,579","0","0","9","0","0"
"2024 Presidential Election","JEFFERSON","State Treasurer","Statewide","Republican","STACY GARRITY","17,634","0","0","14,804","0","0","2,801","0","0","29","0","0"
"2024 Presidential Election","JEFFERSON","State Treasurer","Statewide","Libertarian","NICKOLAS CIESIELSKI","348","0","0","302","0","0","46","0","0","0","0","0"
"2024 Presidential Election","JEFFERSON","State Treasurer","Statewide","Constitution Party","TROY BOWMAN","176","0","0","156","0","0","20","0","0","0","0","0"
"2024 Presidential Election","JEFFERSON","State Treasurer","Statewide","Forward Party","CHRIS FOSTER","59","0","0","44","0","0","15","0","0","0","0","0"
"2024 Presidential Election","JEFFERSON","Representative in Congress","15th Congressional District","Democratic","ZACH WOMER","4,138","0","0","2,641","0","0","1,491","0","0","6","0","0"
"2024 Presidential Election","JEFFERSON","Representative in Congress","15th Congressional District","Republican","GLENN GT THOMPSON","18,514","0","0","15,478","0","0","2,996","0","0","40","0","0"
"2024 Presidential Election","JEFFERSON","Senator in the General Assembly","25th Senatorial District","Democratic","WILLIAM MCGILL","2,503","0","0","1,566","0","0","932","0","0","5","0","0"
"2024 Presidential Election","JEFFERSON","Senator in the General Assembly","25th Senatorial District","Republican","CRIS DUSH","11,531","0","0","9,623","0","0","1,891","0","0","17","0","0"
"2024 Presidential Election","JEFFERSON","Senator in the General Assembly","41st Senatorial District","Republican","JOE PITTMAN","7,376","0","0","6,114","0","0","1,246","0","0","16","0","0"
"2024 Presidential Election","JEFFERSON","Representative in the General Assembly","66th Legislative District","Republican","BRIAN SMITH","20,408","0","0","16,779","0","0","3,593","0","0","36","0","0"
"2024 Presidential Election","JUNIATA","President of the United States","Statewide","Democratic","KAMALA D HARRIS","2,290","0","0","1,489","0","0","796","0","0","5","0","0"
"2024 Presidential Election","JUNIATA","President of the United States","Statewide","Republican","DONALD J TRUMP","9,721","0","0","8,308","0","0","1,381","0","0","32","0","0"
"2024 Presidential Election","JUNIATA","President of the United States","Statewide","Libertarian","CHASE OLIVER","64","0","0","52","0","0","12","0","0","0","0","0"
"2024 Presidential Election","JUNIATA","President of the United States","Statewide","Green Party","JILL STEIN","29","0","0","23","0","0","6","0","0","0","0","0"
"2024 Presidential Election","JUNIATA","United States Senator","Statewide","Democratic","ROBERT P CASEY JR","2,478","0","0","1,667","0","0","805","0","0","6","0","0"
"2024 Presidential Election","JUNIATA","United States Senator","Statewide","Republican","DAVE MCCORMICK","9,251","0","0","7,896","0","0","1,324","0","0","31","0","0"
"2024 Presidential Election","JUNIATA","United States Senator","Statewide","Libertarian","JOHN C THOMAS","205","0","0","176","0","0","29","0","0","0","0","0"
"2024 Presidential Election","JUNIATA","United States Senator","Statewide","Green Party","LEILA HAZOU","51","0","0","44","0","0","7","0","0","0","0","0"
"2024 Presidential Election","JUNIATA","United States Senator","Statewide","Constitution Party","MARTY SELKER","57","0","0","47","0","0","10","0","0","0","0","0"
"2024 Presidential Election","JUNIATA","Attorney General","Statewide","Democratic","EUGENE DEPASQUALE","2,266","0","0","1,524","0","0","738","0","0","4","0","0"
"2024 Presidential Election","JUNIATA","Attorney General","Statewide","Republican","DAVE SUNDAY","9,352","0","0","7,955","0","0","1,367","0","0","30","0","0"
"2024 Presidential Election","JUNIATA","Attorney General","Statewide","Libertarian","ROBERT COWBURN","166","0","0","136","0","0","29","0","0","1","0","0"
"2024 Presidential Election","JUNIATA","Attorney General","Statewide","Green Party","RICHARD L WEISS","64","0","0","56","0","0","8","0","0","0","0","0"
"2024 Presidential Election","JUNIATA","Attorney General","Statewide","Constitution Party","JUSTIN L MAGILL","75","0","0","66","0","0","8","0","0","1","0","0"
"2024 Presidential Election","JUNIATA","Attorney General","Statewide","Forward Party","ERIC L SETTLE","28","0","0","21","0","0","7","0","0","0","0","0"
"2024 Presidential Election","JUNIATA","Auditor General","Statewide","Democratic","MALCOLM KENYATTA","1,977","0","0","1,297","0","0","676","0","0","4","0","0"
"2024 Presidential Election","JUNIATA","Auditor General","Statewide","Republican","TIM DEFOOR","9,453","0","0","8,020","0","0","1,404","0","0","29","0","0"
"2024 Presidential Election","JUNIATA","Auditor General","Statewide","Libertarian","REECE SMITH","215","0","0","182","0","0","33","0","0","0","0","0"
"2024 Presidential Election","JUNIATA","Auditor General","Statewide","American Solidarity Party","ERIC K ANTON","35","0","0","28","0","0","7","0","0","0","0","0"
"2024 Presidential Election","JUNIATA","Auditor General","Statewide","Constitution Party","BOB GOODRICH","148","0","0","127","0","0","19","0","0","2","0","0"
"2024 Presidential Election","JUNIATA","State Treasurer","Statewide","Democratic","ERIN MCCLELLAND","1,859","0","0","1,203","0","0","653","0","0","3","0","0"
"2024 Presidential Election","JUNIATA","State Treasurer","Statewide","Republican","STACY GARRITY","9,655","0","0","8,198","0","0","1,426","0","0","31","0","0"
"2024 Presidential Election","JUNIATA","State Treasurer","Statewide","Libertarian","NICKOLAS CIESIELSKI","129","0","0","105","0","0","22","0","0","2","0","0"
"2024 Presidential Election","JUNIATA","State Treasurer","Statewide","Constitution Party","TROY BOWMAN","91","0","0","80","0","0","11","0","0","0","0","0"
"2024 Presidential Election","JUNIATA","State Treasurer","Statewide","Forward Party","CHRIS FOSTER","35","0","0","26","0","0","9","0","0","0","0","0"
"2024 Presidential Election","JUNIATA","Representative in Congress","13th Congressional District","Democratic","BETH FARNHAM","2,242","0","0","1,499","0","0","739","0","0","4","0","0"
"2024 Presidential Election","JUNIATA","Representative in Congress","13th Congressional District","Republican","JOHN JOYCE","9,644","0","0","8,206","0","0","1,406","0","0","32","0","0"
"2024 Presidential Election","JUNIATA","Representative in the General Assembly","85th Legislative District","Democratic","NICK JACOBSON","406","0","0","283","0","0","122","0","0","1","0","0"
"2024 Presidential Election","JUNIATA","Representative in the General Assembly","85th Legislative District","Republican","DAVID H ROWE","2,459","0","0","2,094","0","0","360","0","0","5","0","0"
"2024 Presidential Election","JUNIATA","Representative in the General Assembly","86th Legislative District","Republican","PERRY A STAMBAUGH","8,004","0","0","6,676","0","0","1,304","0","0","24","0","0"
"2024 Presidential Election","LACKAWANNA","President of the United States","Statewide","Democratic","KAMALA D HARRIS","59,510","0","0","38,410","0","0","20,728","0","0","372","0","0"
"2024 Presidential Election","LACKAWANNA","President of the United States","Statewide","Republican","DONALD J TRUMP","56,261","0","0","45,790","0","0","10,070","0","0","401","0","0"
"2024 Presidential Election","LACKAWANNA","President of the United States","Statewide","Libertarian","CHASE OLIVER","425","0","0","316","0","0","104","0","0","5","0","0"
"2024 Presidential Election","LACKAWANNA","President of the United States","Statewide","Green Party","JILL STEIN","394","0","0","260","0","0","129","0","0","5","0","0"
"2024 Presidential Election","LACKAWANNA","United States Senator","Statewide","Democratic","ROBERT P CASEY JR","61,653","0","0","40,214","0","0","21,074","0","0","365","0","0"
"2024 Presidential Election","LACKAWANNA","United States Senator","Statewide","Republican","DAVE MCCORMICK","51,944","0","0","42,296","0","0","9,282","0","0","366","0","0"
"2024 Presidential Election","LACKAWANNA","United States Senator","Statewide","Libertarian","JOHN C THOMAS","1,133","0","0","897","0","0","229","0","0","7","0","0"
"2024 Presidential Election","LACKAWANNA","United States Senator","Statewide","Green Party","LEILA HAZOU","801","0","0","538","0","0","250","0","0","13","0","0"
"2024 Presidential Election","LACKAWANNA","United States Senator","Statewide","Constitution Party","MARTY SELKER","355","0","0","271","0","0","82","0","0","2","0","0"
"2024 Presidential Election","LACKAWANNA","Attorney General","Statewide","Democratic","EUGENE DEPASQUALE","58,546","0","0","38,265","0","0","19,919","0","0","362","0","0"
"2024 Presidential Election","LACKAWANNA","Attorney General","Statewide","Republican","DAVE SUNDAY","51,941","0","0","41,794","0","0","9,810","0","0","337","0","0"
"2024 Presidential Election","LACKAWANNA","Attorney General","Statewide","Libertarian","ROBERT COWBURN","1,375","0","0","1,115","0","0","245","0","0","15","0","0"
"2024 Presidential Election","LACKAWANNA","Attorney General","Statewide","Green Party","RICHARD L WEISS","1,033","0","0","775","0","0","239","0","0","19","0","0"
"2024 Presidential Election","LACKAWANNA","Attorney General","Statewide","Constitution Party","JUSTIN L MAGILL","512","0","0","407","0","0","102","0","0","3","0","0"
"2024 Presidential Election","LACKAWANNA","Attorney General","Statewide","Forward Party","ERIC L SETTLE","288","0","0","196","0","0","89","0","0","3","0","0"
"2024 Presidential Election","LACKAWANNA","Auditor General","Statewide","Democratic","MALCOLM KENYATTA","56,390","0","0","36,428","0","0","19,608","0","0","354","0","0"
"2024 Presidential Election","LACKAWANNA","Auditor General","Statewide","Republican","TIM DEFOOR","51,380","0","0","41,364","0","0","9,675","0","0","341","0","0"
"2024 Presidential Election","LACKAWANNA","Auditor General","Statewide","Libertarian","REECE SMITH","2,045","0","0","1,646","0","0","384","0","0","15","0","0"
"2024 Presidential Election","LACKAWANNA","Auditor General","Statewide","American Solidarity Party","ERIC K ANTON","472","0","0","386","0","0","82","0","0","4","0","0"
"2024 Presidential Election","LACKAWANNA","Auditor General","Statewide","Constitution Party","BOB GOODRICH","1,413","0","0","1,143","0","0","254","0","0","16","0","0"
"2024 Presidential Election","LACKAWANNA","State Treasurer","Statewide","Democratic","ERIN MCCLELLAND","55,932","0","0","36,121","0","0","19,467","0","0","344","0","0"
"2024 Presidential Election","LACKAWANNA","State Treasurer","Statewide","Republican","STACY GARRITY","52,049","0","0","42,003","0","0","9,711","0","0","335","0","0"
"2024 Presidential Election","LACKAWANNA","State Treasurer","Statewide","Libertarian","NICKOLAS CIESIELSKI","1,697","0","0","1,367","0","0","313","0","0","17","0","0"
"2024 Presidential Election","LACKAWANNA","State Treasurer","Statewide","Constitution Party","TROY BOWMAN","739","0","0","592","0","0","142","0","0","5","0","0"
"2024 Presidential Election","LACKAWANNA","State Treasurer","Statewide","Forward Party","CHRIS FOSTER","495","0","0","363","0","0","122","0","0","10","0","0"
"2024 Presidential Election","LACKAWANNA","Representative in Congress","8th Congressional District","Democratic","MATT CARTWRIGHT","64,779","0","0","42,557","0","0","21,821","0","0","401","0","0"
"2024 Presidential Election","LACKAWANNA","Representative in Congress","8th Congressional District","Republican","ROB BRESNAHAN JR","50,835","0","0","41,468","0","0","9,020","0","0","347","0","0"
"2024 Presidential Election","LACKAWANNA","Representative in the General Assembly","112th Legislative District","Democratic","KYLE J MULLINS","26,329","0","0","19,071","0","0","7,101","0","0","157","0","0"
"2024 Presidential Election","LACKAWANNA","Representative in the General Assembly","113th Legislative District","Democratic","KYLE T DONAHUE","19,389","0","0","12,931","0","0","6,300","0","0","158","0","0"
"2024 Presidential Election","LACKAWANNA","Representative in the General Assembly","114th Legislative District","Democratic","BRIDGET MALLOY KOSIEROWSKI","24,473","0","0","17,006","0","0","7,334","0","0","133","0","0"
"2024 Presidential Election","LACKAWANNA","Representative in the General Assembly","118th Legislative District","Democratic","JIM HADDOCK","9,081","0","0","6,118","0","0","2,926","0","0","37","0","0"
"2024 Presidential Election","LACKAWANNA","Representative in the General Assembly","118th Legislative District","Republican","MCKAYLA KATHIO","7,827","0","0","6,458","0","0","1,340","0","0","29","0","0"
"2024 Presidential Election","LANCASTER","President of the United States","Statewide","Democratic","KAMALA D HARRIS","120,119","0","0","79,423","0","0","39,080","0","0","1,616","0","0"
"2024 Presidential Election","LANCASTER","President of the United States","Statewide","Republican","DONALD J TRUMP","166,261","0","0","140,214","0","0","24,543","0","0","1,504","0","0"
"2024 Presidential Election","LANCASTER","President of the United States","Statewide","Libertarian","CHASE OLIVER","1,727","0","0","1,388","0","0","324","0","0","15","0","0"
"2024 Presidential Election","LANCASTER","President of the United States","Statewide","Green Party","JILL STEIN","1,150","0","0","850","0","0","285","0","0","15","0","0"
"2024 Presidential Election","LANCASTER","United States Senator","Statewide","Democratic","ROBERT P CASEY JR","118,580","0","0","78,894","0","0","38,102","0","0","1,584","0","0"
"2024 Presidential Election","LANCASTER","United States Senator","Statewide","Republican","DAVE MCCORMICK","162,105","0","0","136,177","0","0","24,560","0","0","1,368","0","0"
"2024 Presidential Election","LANCASTER","United States Senator","Statewide","Libertarian","JOHN C THOMAS","4,099","0","0","3,386","0","0","658","0","0","55","0","0"
"2024 Presidential Election","LANCASTER","United States Senator","Statewide","Green Party","LEILA HAZOU","2,429","0","0","1,742","0","0","638","0","0","49","0","0"
"2024 Presidential Election","LANCASTER","United States Senator","Statewide","Constitution Party","MARTY SELKER","1,139","0","0","941","0","0","187","0","0","11","0","0"
"2024 Presidential Election","LANCASTER","Attorney General","Statewide","Democratic","EUGENE DEPASQUALE","110,818","0","0","73,714","0","0","35,604","0","0","1,500","0","0"
"2024 Presidential Election","LANCASTER","Attorney General","Statewide","Republican","DAVE SUNDAY","167,162","0","0","139,513","0","0","26,244","0","0","1,405","0","0"
"2024 Presidential Election","LANCASTER","Attorney General","Statewide","Libertarian","ROBERT COWBURN","3,706","0","0","3,124","0","0","515","0","0","67","0","0"
"2024 Presidential Election","LANCASTER","Attorney General","Statewide","Green Party","RICHARD L WEISS","2,269","0","0","1,710","0","0","518","0","0","41","0","0"
"2024 Presidential Election","LANCASTER","Attorney General","Statewide","Constitution Party","JUSTIN L MAGILL","1,458","0","0","1,246","0","0","196","0","0","16","0","0"
"2024 Presidential Election","LANCASTER","Attorney General","Statewide","Forward Party","ERIC L SETTLE","699","0","0","486","0","0","209","0","0","4","0","0"
"2024 Presidential Election","LANCASTER","Auditor General","Statewide","Democratic","MALCOLM KENYATTA","107,063","0","0","70,775","0","0","34,798","0","0","1,490","0","0"
"2024 Presidential Election","LANCASTER","Auditor General","Statewide","Republican","TIM DEFOOR","169,035","0","0","140,747","0","0","26,864","0","0","1,424","0","0"
"2024 Presidential Election","LANCASTER","Auditor General","Statewide","Libertarian","REECE SMITH","5,232","0","0","4,344","0","0","810","0","0","78","0","0"
"2024 Presidential Election","LANCASTER","Auditor General","Statewide","American Solidarity Party","ERIC K ANTON","826","0","0","688","0","0","130","0","0","8","0","0"
"2024 Presidential Election","LANCASTER","Auditor General","Statewide","Constitution Party","BOB GOODRICH","2,348","0","0","2,002","0","0","321","0","0","25","0","0"
"2024 Presidential Election","LANCASTER","State Treasurer","Statewide","Democratic","ERIN MCCLELLAND","105,136","0","0","69,020","0","0","34,651","0","0","1,465","0","0"
"2024 Presidential Election","LANCASTER","State Treasurer","Statewide","Republican","STACY GARRITY","172,048","0","0","143,729","0","0","26,857","0","0","1,462","0","0"
"2024 Presidential Election","LANCASTER","State Treasurer","Statewide","Libertarian","NICKOLAS CIESIELSKI","4,151","0","0","3,470","0","0","625","0","0","56","0","0"
"2024 Presidential Election","LANCASTER","State Treasurer","Statewide","Constitution Party","TROY BOWMAN","2,117","0","0","1,796","0","0","302","0","0","19","0","0"
"2024 Presidential Election","LANCASTER","State Treasurer","Statewide","Forward Party","CHRIS FOSTER","932","0","0","644","0","0","273","0","0","15","0","0"
"2024 Presidential Election","LANCASTER","Representative in Congress","11th Congressional District","Democratic","JIM ATKINSON","112,467","0","0","74,160","0","0","36,820","0","0","1,487","0","0"
"2024 Presidential Election","LANCASTER","Representative in Congress","11th Congressional District","Republican","LLOYD K SMUCKER","170,624","0","0","142,762","0","0","26,413","0","0","1,449","0","0"
"2024 Presidential Election","LANCASTER","Senator in the General Assembly","13th Senatorial District","Democratic","TREX PROFFITT","45,693","0","0","31,223","0","0","13,743","0","0","727","0","0"
"2024 Presidential Election","LANCASTER","Senator in the General Assembly","13th Senatorial District","Republican","SCOTT MARTIN","65,489","0","0","55,006","0","0","9,831","0","0","652","0","0"
"2024 Presidential Election","LANCASTER","Representative in the General Assembly","37th Legislative District","Democratic","JOHN GEORGE","13,002","0","0","8,181","0","0","4,699","0","0","122","0","0"
"2024 Presidential Election","LANCASTER","Representative in the General Assembly","37th Legislative District","Republican","MINDY FEE","26,131","0","0","21,570","0","0","4,421","0","0","140","0","0"
"2024 Presidential Election","LANCASTER","Representative in the General Assembly","41st Legislative District","Democratic","BRAD CHAMBERS","15,870","0","0","10,574","0","0","5,094","0","0","202","0","0"
"2024 Presidential Election","LANCASTER","Representative in the General Assembly","41st Legislative District","Republican","BRETT R MILLER","19,926","0","0","16,381","0","0","3,404","0","0","141","0","0"
"2024 Presidential Election","LANCASTER","Representative in the General Assembly","43rd Legislative District","Republican","KEITH J GREINER","23,834","0","0","19,443","0","0","4,192","0","0","199","0","0"
"2024 Presidential Election","LANCASTER","Representative in the General Assembly","49th Legislative District","Democratic","IZZY SMITH-WADE-EL","18,064","0","0","13,488","0","0","4,188","0","0","388","0","0"
"2024 Presidential Election","LANCASTER","Representative in the General Assembly","96th Legislative District","Democratic","NIKKI RIVERA","21,244","0","0","14,549","0","0","6,430","0","0","265","0","0"
"2024 Presidential Election","LANCASTER","Representative in the General Assembly","96th Legislative District","Republican","ERIC BEEZER","13,955","0","0","10,998","0","0","2,818","0","0","139","0","0"
"2024 Presidential Election","LANCASTER","Representative in the General Assembly","97th Legislative District","Democratic","BOB RUDY","14,732","0","0","9,242","0","0","5,346","0","0","144","0","0"
"2024 Presidential Election","LANCASTER","Representative in the General Assembly","97th Legislative District","Republican","STEVE MENTZER","23,846","0","0","19,558","0","0","4,117","0","0","171","0","0"
"2024 Presidential Election","LANCASTER","Representative in the General Assembly","98th Legislative District","Democratic","LYNN MCCLEARY","10,939","0","0","7,268","0","0","3,570","0","0","101","0","0"
"2024 Presidential Election","LANCASTER","Representative in the General Assembly","98th Legislative District","Republican","TOM JONES","19,799","0","0","16,898","0","0","2,788","0","0","113","0","0"
"2024 Presidential Election","LANCASTER","Representative in the General Assembly","99th Legislative District","Republican","DAVE ZIMMERMAN","19,179","0","0","16,331","0","0","2,715","0","0","133","0","0"
"2024 Presidential Election","LANCASTER","Representative in the General Assembly","100th Legislative District","Republican","BRYAN D CUTLER","23,316","0","0","19,770","0","0","3,391","0","0","155","0","0"
"2024 Presidential Election","LAWRENCE","President of the United States","Statewide","Democratic","KAMALA D HARRIS","15,440","0","0","9,814","0","0","5,535","0","0","91","0","0"
"2024 Presidential Election","LAWRENCE","President of the United States","Statewide","Republican","DONALD J TRUMP","31,347","0","0","25,669","0","0","5,560","0","0","118","0","0"
"2024 Presidential Election","LAWRENCE","President of the United States","Statewide","Libertarian","CHASE OLIVER","179","0","0","144","0","0","35","0","0","0","0","0"
"2024 Presidential Election","LAWRENCE","President of the United States","Statewide","Green Party","JILL STEIN","144","0","0","108","0","0","36","0","0","0","0","0"
"2024 Presidential Election","LAWRENCE","United States Senator","Statewide","Democratic","ROBERT P CASEY JR","16,176","0","0","10,466","0","0","5,624","0","0","86","0","0"
"2024 Presidential Election","LAWRENCE","United States Senator","Statewide","Republican","DAVE MCCORMICK","29,405","0","0","24,019","0","0","5,278","0","0","108","0","0"
"2024 Presidential Election","LAWRENCE","United States Senator","Statewide","Libertarian","JOHN C THOMAS","668","0","0","547","0","0","114","0","0","7","0","0"
"2024 Presidential Election","LAWRENCE","United States Senator","Statewide","Green Party","LEILA HAZOU","307","0","0","247","0","0","54","0","0","6","0","0"
"2024 Presidential Election","LAWRENCE","United States Senator","Statewide","Constitution Party","MARTY SELKER","236","0","0","182","0","0","53","0","0","1","0","0"
"2024 Presidential Election","LAWRENCE","Attorney General","Statewide","Democratic","EUGENE DEPASQUALE","15,477","0","0","10,054","0","0","5,339","0","0","84","0","0"
"2024 Presidential Election","LAWRENCE","Attorney General","Statewide","Republican","DAVE SUNDAY","29,433","0","0","23,876","0","0","5,449","0","0","108","0","0"
"2024 Presidential Election","LAWRENCE","Attorney General","Statewide","Libertarian","ROBERT COWBURN","674","0","0","568","0","0","99","0","0","7","0","0"
"2024 Presidential Election","LAWRENCE","Attorney General","Statewide","Green Party","RICHARD L WEISS","289","0","0","233","0","0","53","0","0","3","0","0"
"2024 Presidential Election","LAWRENCE","Attorney General","Statewide","Constitution Party","JUSTIN L MAGILL","338","0","0","294","0","0","40","0","0","4","0","0"
"2024 Presidential Election","LAWRENCE","Attorney General","Statewide","Forward Party","ERIC L SETTLE","116","0","0","84","0","0","32","0","0","0","0","0"
"2024 Presidential Election","LAWRENCE","Auditor General","Statewide","Democratic","MALCOLM KENYATTA","14,667","0","0","9,465","0","0","5,116","0","0","86","0","0"
"2024 Presidential Election","LAWRENCE","Auditor General","Statewide","Republican","TIM DEFOOR","29,724","0","0","24,047","0","0","5,574","0","0","103","0","0"
"2024 Presidential Election","LAWRENCE","Auditor General","Statewide","Libertarian","REECE SMITH","825","0","0","705","0","0","113","0","0","7","0","0"
"2024 Presidential Election","LAWRENCE","Auditor General","Statewide","American Solidarity Party","ERIC K ANTON","192","0","0","159","0","0","30","0","0","3","0","0"
"2024 Presidential Election","LAWRENCE","Auditor General","Statewide","Constitution Party","BOB GOODRICH","542","0","0","442","0","0","96","0","0","4","0","0"
"2024 Presidential Election","LAWRENCE","State Treasurer","Statewide","Democratic","ERIN MCCLELLAND","14,874","0","0","9,560","0","0","5,229","0","0","85","0","0"
"2024 Presidential Election","LAWRENCE","State Treasurer","Statewide","Republican","STACY GARRITY","29,980","0","0","24,349","0","0","5,520","0","0","111","0","0"
"2024 Presidential Election","LAWRENCE","State Treasurer","Statewide","Libertarian","NICKOLAS CIESIELSKI","706","0","0","599","0","0","105","0","0","2","0","0"
"2024 Presidential Election","LAWRENCE","State Treasurer","Statewide","Constitution Party","TROY BOWMAN","368","0","0","303","0","0","60","0","0","5","0","0"
"2024 Presidential Election","LAWRENCE","State Treasurer","Statewide","Forward Party","CHRIS FOSTER","201","0","0","154","0","0","46","0","0","1","0","0"
"2024 Presidential Election","LAWRENCE","Representative in Congress","16th Congressional District","Democratic","PRESTON NOURI","14,612","0","0","9,338","0","0","5,192","0","0","82","0","0"
"2024 Presidential Election","LAWRENCE","Representative in Congress","16th Congressional District","Republican","MIKE KELLY","31,819","0","0","25,821","0","0","5,874","0","0","124","0","0"
"2024 Presidential Election","LAWRENCE","Senator in the General Assembly","47th Senatorial District","Democratic","KATE LENNEN","2,544","0","0","1,729","0","0","800","0","0","15","0","0"
"2024 Presidential Election","LAWRENCE","Senator in the General Assembly","47th Senatorial District","Republican","ELDER VOGEL JR","6,255","0","0","5,267","0","0","964","0","0","24","0","0"
"2024 Presidential Election","LAWRENCE","Representative in the General Assembly","8th Legislative District","Republican","AARON BERNSTINE","10,643","0","0","8,822","0","0","1,778","0","0","43","0","0"
"2024 Presidential Election","LAWRENCE","Representative in the General Assembly","9th Legislative District","Republican","MARLA BROWN","27,029","0","0","20,648","0","0","6,263","0","0","118","0","0"
"2024 Presidential Election","LEBANON","President of the United States","Statewide","Democratic","KAMALA D HARRIS","24,734","0","0","14,784","0","0","9,693","0","0","257","0","0"
"2024 Presidential Election","LEBANON","President of the United States","Statewide","Republican","DONALD J TRUMP","48,282","0","0","39,124","0","0","8,818","0","0","340","0","0"
"2024 Presidential Election","LEBANON","President of the United States","Statewide","Libertarian","CHASE OLIVER","390","0","0","316","0","0","70","0","0","4","0","0"
"2024 Presidential Election","LEBANON","President of the United States","Statewide","Green Party","JILL STEIN","286","0","0","195","0","0","87","0","0","4","0","0"
"2024 Presidential Election","LEBANON","United States Senator","Statewide","Democratic","ROBERT P CASEY JR","24,745","0","0","14,918","0","0","9,577","0","0","250","0","0"
"2024 Presidential Election","LEBANON","United States Senator","Statewide","Republican","DAVE MCCORMICK","46,172","0","0","37,312","0","0","8,552","0","0","308","0","0"
"2024 Presidential Election","LEBANON","United States Senator","Statewide","Libertarian","JOHN C THOMAS","1,223","0","0","968","0","0","230","0","0","25","0","0"
"2024 Presidential Election","LEBANON","United States Senator","Statewide","Green Party","LEILA HAZOU","612","0","0","441","0","0","164","0","0","7","0","0"
"2024 Presidential Election","LEBANON","United States Senator","Statewide","Constitution Party","MARTY SELKER","387","0","0","314","0","0","73","0","0","0","0","0"
"2024 Presidential Election","LEBANON","Attorney General","Statewide","Democratic","EUGENE DEPASQUALE","23,078","0","0","13,894","0","0","8,951","0","0","233","0","0"
"2024 Presidential Election","LEBANON","Attorney General","Statewide","Republican","DAVE SUNDAY","47,230","0","0","37,915","0","0","9,000","0","0","315","0","0"
"2024 Presidential Election","LEBANON","Attorney General","Statewide","Libertarian","ROBERT COWBURN","1,078","0","0","878","0","0","181","0","0","19","0","0"
"2024 Presidential Election","LEBANON","Attorney General","Statewide","Green Party","RICHARD L WEISS","598","0","0","443","0","0","146","0","0","9","0","0"
"2024 Presidential Election","LEBANON","Attorney General","Statewide","Constitution Party","JUSTIN L MAGILL","426","0","0","340","0","0","83","0","0","3","0","0"
"2024 Presidential Election","LEBANON","Attorney General","Statewide","Forward Party","ERIC L SETTLE","174","0","0","117","0","0","52","0","0","5","0","0"
"2024 Presidential Election","LEBANON","Auditor General","Statewide","Democratic","MALCOLM KENYATTA","21,593","0","0","12,779","0","0","8,585","0","0","229","0","0"
"2024 Presidential Election","LEBANON","Auditor General","Statewide","Republican","TIM DEFOOR","47,936","0","0","38,432","0","0","9,194","0","0","310","0","0"
"2024 Presidential Election","LEBANON","Auditor General","Statewide","Libertarian","REECE SMITH","1,475","0","0","1,177","0","0","272","0","0","26","0","0"
"2024 Presidential Election","LEBANON","Auditor General","Statewide","American Solidarity Party","ERIC K ANTON","253","0","0","202","0","0","46","0","0","5","0","0"
"2024 Presidential Election","LEBANON","Auditor General","Statewide","Constitution Party","BOB GOODRICH","770","0","0","607","0","0","156","0","0","7","0","0"
"2024 Presidential Election","LEBANON","State Treasurer","Statewide","Democratic","ERIN MCCLELLAND","21,136","0","0","12,369","0","0","8,536","0","0","231","0","0"
"2024 Presidential Election","LEBANON","State Treasurer","Statewide","Republican","STACY GARRITY","49,066","0","0","39,375","0","0","9,374","0","0","317","0","0"
"2024 Presidential Election","LEBANON","State Treasurer","Statewide","Libertarian","NICKOLAS CIESIELSKI","1,147","0","0","922","0","0","209","0","0","16","0","0"
"2024 Presidential Election","LEBANON","State Treasurer","Statewide","Constitution Party","TROY BOWMAN","608","0","0","494","0","0","108","0","0","6","0","0"
"2024 Presidential Election","LEBANON","State Treasurer","Statewide","Forward Party","CHRIS FOSTER","250","0","0","168","0","0","77","0","0","5","0","0"
"2024 Presidential Election","LEBANON","Representative in Congress","9th Congressional District","Democratic","AMANDA WALDMAN","23,416","0","0","13,994","0","0","9,172","0","0","250","0","0"
"2024 Presidential Election","LEBANON","Representative in Congress","9th Congressional District","Republican","DAN MEUSER","48,854","0","0","39,296","0","0","9,235","0","0","323","0","0"
"2024 Presidential Election","LEBANON","Representative in the General Assembly","98th Legislative District","Democratic","LYNN MCCLEARY","2,711","0","0","1,559","0","0","1,119","0","0","33","0","0"
"2024 Presidential Election","LEBANON","Representative in the General Assembly","98th Legislative District","Republican","TOM JONES","4,907","0","0","3,878","0","0","1,003","0","0","26","0","0"
"2024 Presidential Election","LEBANON","Representative in the General Assembly","101st Legislative District","Republican","JOHN SCHLEGEL","23,371","0","0","17,511","0","0","5,643","0","0","217","0","0"
"2024 Presidential Election","LEBANON","Representative in the General Assembly","102nd Legislative District","Republican","RUSS DIAMOND","27,886","0","0","22,529","0","0","5,184","0","0","173","0","0"
"2024 Presidential Election","LEHIGH","President of the United States","Statewide","Democratic","KAMALA D HARRIS","96,317","0","0","57,279","0","0","37,587","0","0","1,451","0","0"
"2024 Presidential Election","LEHIGH","President of the United States","Statewide","Republican","DONALD J TRUMP","91,207","0","0","70,853","0","0","19,070","0","0","1,284","0","0"
"2024 Presidential Election","LEHIGH","President of the United States","Statewide","Libertarian","CHASE OLIVER","855","0","0","619","0","0","223","0","0","13","0","0"
"2024 Presidential Election","LEHIGH","President of the United States","Statewide","Green Party","JILL STEIN","1,431","0","0","953","0","0","449","0","0","29","0","0"
"2024 Presidential Election","LEHIGH","United States Senator","Statewide","Democratic","ROBERT P CASEY JR","94,875","0","0","56,636","0","0","36,847","0","0","1,392","0","0"
"2024 Presidential Election","LEHIGH","United States Senator","Statewide","Republican","DAVE MCCORMICK","87,147","0","0","67,257","0","0","18,763","0","0","1,127","0","0"
"2024 Presidential Election","LEHIGH","United States Senator","Statewide","Libertarian","JOHN C THOMAS","2,511","0","0","1,960","0","0","492","0","0","59","0","0"
"2024 Presidential Election","LEHIGH","United States Senator","Statewide","Green Party","LEILA HAZOU","2,468","0","0","1,666","0","0","731","0","0","71","0","0"
"2024 Presidential Election","LEHIGH","United States Senator","Statewide","Constitution Party","MARTY SELKER","583","0","0","455","0","0","117","0","0","11","0","0"
"2024 Presidential Election","LEHIGH","Attorney General","Statewide","Democratic","EUGENE DEPASQUALE","89,147","0","0","53,178","0","0","34,633","0","0","1,336","0","0"
"2024 Presidential Election","LEHIGH","Attorney General","Statewide","Republican","DAVE SUNDAY","89,788","0","0","68,477","0","0","20,189","0","0","1,122","0","0"
"2024 Presidential Election","LEHIGH","Attorney General","Statewide","Libertarian","ROBERT COWBURN","2,631","0","0","2,183","0","0","386","0","0","62","0","0"
"2024 Presidential Election","LEHIGH","Attorney General","Statewide","Green Party","RICHARD L WEISS","2,455","0","0","1,787","0","0","607","0","0","61","0","0"
"2024 Presidential Election","LEHIGH","Attorney General","Statewide","Constitution Party","JUSTIN L MAGILL","823","0","0","642","0","0","162","0","0","19","0","0"
"2024 Presidential Election","LEHIGH","Attorney General","Statewide","Forward Party","ERIC L SETTLE","527","0","0","363","0","0","147","0","0","17","0","0"
"2024 Presidential Election","LEHIGH","Auditor General","Statewide","Democratic","MALCOLM KENYATTA","88,990","0","0","53,105","0","0","34,561","0","0","1,324","0","0"
"2024 Presidential Election","LEHIGH","Auditor General","Statewide","Republican","TIM DEFOOR","88,658","0","0","67,499","0","0","20,062","0","0","1,097","0","0"
"2024 Presidential Election","LEHIGH","Auditor General","Statewide","Libertarian","REECE SMITH","3,911","0","0","3,102","0","0","725","0","0","84","0","0"
"2024 Presidential Election","LEHIGH","Auditor General","Statewide","American Solidarity Party","ERIC K ANTON","949","0","0","782","0","0","136","0","0","31","0","0"
"2024 Presidential Election","LEHIGH","Auditor General","Statewide","Constitution Party","BOB GOODRICH","1,557","0","0","1,175","0","0","341","0","0","41","0","0"
"2024 Presidential Election","LEHIGH","State Treasurer","Statewide","Democratic","ERIN MCCLELLAND","88,241","0","0","52,648","0","0","34,295","0","0","1,298","0","0"
"2024 Presidential Election","LEHIGH","State Treasurer","Statewide","Republican","STACY GARRITY","89,657","0","0","68,517","0","0","20,005","0","0","1,135","0","0"
"2024 Presidential Election","LEHIGH","State Treasurer","Statewide","Libertarian","NICKOLAS CIESIELSKI","2,981","0","0","2,345","0","0","584","0","0","52","0","0"
"2024 Presidential Election","LEHIGH","State Treasurer","Statewide","Constitution Party","TROY BOWMAN","1,167","0","0","919","0","0","208","0","0","40","0","0"
"2024 Presidential Election","LEHIGH","State Treasurer","Statewide","Forward Party","CHRIS FOSTER","839","0","0","600","0","0","220","0","0","19","0","0"
"2024 Presidential Election","LEHIGH","Representative in Congress","7th Congressional District","Democratic","SUSAN WILD","98,017","0","0","58,861","0","0","37,662","0","0","1,494","0","0"
"2024 Presidential Election","LEHIGH","Representative in Congress","7th Congressional District","Republican","RYAN E MACKENZIE","89,350","0","0","69,015","0","0","19,173","0","0","1,162","0","0"
"2024 Presidential Election","LEHIGH","Representative in the General Assembly","22nd Legislative District","Democratic","JOSHUA M SIEGEL","13,282","0","0","9,534","0","0","3,419","0","0","329","0","0"
"2024 Presidential Election","LEHIGH","Representative in the General Assembly","131st Legislative District","Democratic","MERIAM SABIH","9,362","0","0","4,999","0","0","4,279","0","0","84","0","0"
"2024 Presidential Election","LEHIGH","Representative in the General Assembly","131st Legislative District","Republican","MILOU MACKENZIE","11,957","0","0","8,764","0","0","3,089","0","0","104","0","0"
"2024 Presidential Election","LEHIGH","Representative in the General Assembly","132nd Legislative District","Democratic","MIKE SCHLOSSBERG","26,659","0","0","16,076","0","0","10,237","0","0","346","0","0"
"2024 Presidential Election","LEHIGH","Representative in the General Assembly","133rd Legislative District","Democratic","JEANNE M MCNEILL","24,035","0","0","16,397","0","0","7,369","0","0","269","0","0"
"2024 Presidential Election","LEHIGH","Representative in the General Assembly","134th Legislative District","Democratic","PETER SCHWEYER","19,124","0","0","12,862","0","0","5,908","0","0","354","0","0"
"2024 Presidential Election","LEHIGH","Representative in the General Assembly","183rd Legislative District","Democratic","JOE LENZI","4,691","0","0","2,727","0","0","1,913","0","0","51","0","0"
"2024 Presidential Election","LEHIGH","Representative in the General Assembly","183rd Legislative District","Republican","ZACH MAKO","8,568","0","0","6,723","0","0","1,777","0","0","68","0","0"
"2024 Presidential Election","LEHIGH","Representative in the General Assembly","187th Legislative District","Democratic","STEFANIE RAFES","17,738","0","0","10,343","0","0","7,239","0","0","156","0","0"
"2024 Presidential Election","LEHIGH","Representative in the General Assembly","187th Legislative District","Republican","GARY DAY","21,994","0","0","17,164","0","0","4,623","0","0","207","0","0"
"2024 Presidential Election","LUZERNE","President of the United States","Statewide","Democratic","KAMALA D HARRIS","62,504","0","0","36,005","0","0","25,561","0","0","938","0","0"
"2024 Presidential Election","LUZERNE","President of the United States","Statewide","Republican","DONALD J TRUMP","92,444","0","0","75,152","0","0","16,119","0","0","1,173","0","0"
"2024 Presidential Election","LUZERNE","President of the United States","Statewide","Libertarian","CHASE OLIVER","640","0","0","460","0","0","174","0","0","6","0","0"
"2024 Presidential Election","LUZERNE","President of the United States","Statewide","Green Party","JILL STEIN","562","0","0","385","0","0","165","0","0","12","0","0"
"2024 Presidential Election","LUZERNE","United States Senator","Statewide","Democratic","ROBERT P CASEY JR","64,546","0","0","37,678","0","0","25,907","0","0","961","0","0"
"2024 Presidential Election","LUZERNE","United States Senator","Statewide","Republican","DAVE MCCORMICK","87,096","0","0","70,862","0","0","15,197","0","0","1,037","0","0"
"2024 Presidential Election","LUZERNE","United States Senator","Statewide","Libertarian","JOHN C THOMAS","1,813","0","0","1,414","0","0","368","0","0","31","0","0"
"2024 Presidential Election","LUZERNE","United States Senator","Statewide","Green Party","LEILA HAZOU","1,142","0","0","801","0","0","303","0","0","38","0","0"
"2024 Presidential Election","LUZERNE","United States Senator","Statewide","Constitution Party","MARTY SELKER","493","0","0","373","0","0","110","0","0","10","0","0"
"2024 Presidential Election","LUZERNE","Attorney General","Statewide","Democratic","EUGENE DEPASQUALE","61,732","0","0","36,261","0","0","24,542","0","0","929","0","0"
"2024 Presidential Election","LUZERNE","Attorney General","Statewide","Republican","DAVE SUNDAY","86,568","0","0","69,801","0","0","15,756","0","0","1,011","0","0"
"2024 Presidential Election","LUZERNE","Attorney General","Statewide","Libertarian","ROBERT COWBURN","2,025","0","0","1,653","0","0","336","0","0","36","0","0"
"2024 Presidential Election","LUZERNE","Attorney General","Statewide","Green Party","RICHARD L WEISS","1,358","0","0","1,017","0","0","306","0","0","35","0","0"
"2024 Presidential Election","LUZERNE","Attorney General","Statewide","Constitution Party","JUSTIN L MAGILL","730","0","0","586","0","0","131","0","0","13","0","0"
"2024 Presidential Election","LUZERNE","Attorney General","Statewide","Forward Party","ERIC L SETTLE","342","0","0","249","0","0","86","0","0","7","0","0"
"2024 Presidential Election","LUZERNE","Auditor General","Statewide","Democratic","MALCOLM KENYATTA","59,329","0","0","34,603","0","0","23,826","0","0","900","0","0"
"2024 Presidential Election","LUZERNE","Auditor General","Statewide","Republican","TIM DEFOOR","86,483","0","0","69,766","0","0","15,733","0","0","984","0","0"
"2024 Presidential Election","LUZERNE","Auditor General","Statewide","Libertarian","REECE SMITH","2,669","0","0","2,080","0","0","542","0","0","47","0","0"
"2024 Presidential Election","LUZERNE","Auditor General","Statewide","American Solidarity Party","ERIC K ANTON","632","0","0","484","0","0","125","0","0","23","0","0"
"2024 Presidential Election","LUZERNE","Auditor General","Statewide","Constitution Party","BOB GOODRICH","1,673","0","0","1,315","0","0","310","0","0","48","0","0"
"2024 Presidential Election","LUZERNE","State Treasurer","Statewide","Democratic","ERIN MCCLELLAND","59,043","0","0","34,390","0","0","23,778","0","0","875","0","0"
"2024 Presidential Election","LUZERNE","State Treasurer","Statewide","Republican","STACY GARRITY","88,753","0","0","71,446","0","0","16,251","0","0","1,056","0","0"
"2024 Presidential Election","LUZERNE","State Treasurer","Statewide","Libertarian","NICKOLAS CIESIELSKI","2,222","0","0","1,773","0","0","407","0","0","42","0","0"
"2024 Presidential Election","LUZERNE","State Treasurer","Statewide","Constitution Party","TROY BOWMAN","938","0","0","752","0","0","164","0","0","22","0","0"
"2024 Presidential Election","LUZERNE","State Treasurer","Statewide","Forward Party","CHRIS FOSTER","616","0","0","440","0","0","162","0","0","14","0","0"
"2024 Presidential Election","LUZERNE","Representative in Congress","8th Congressional District","Democratic","MATT CARTWRIGHT","59,830","0","0","35,345","0","0","23,569","0","0","916","0","0"
"2024 Presidential Election","LUZERNE","Representative in Congress","8th Congressional District","Republican","ROB BRESNAHAN JR","69,827","0","0","56,266","0","0","12,707","0","0","854","0","0"
"2024 Presidential Election","LUZERNE","Representative in Congress","9th Congressional District","Democratic","AMANDA WALDMAN","6,457","0","0","3,789","0","0","2,613","0","0","55","0","0"
"2024 Presidential Election","LUZERNE","Representative in Congress","9th Congressional District","Republican","DAN MEUSER","17,636","0","0","14,825","0","0","2,696","0","0","115","0","0"
"2024 Presidential Election","LUZERNE","Senator in the General Assembly","27th Senatorial District","Democratic","PATRICIA LAWTON","8,224","0","0","4,314","0","0","3,804","0","0","106","0","0"
"2024 Presidential Election","LUZERNE","Senator in the General Assembly","27th Senatorial District","Republican","LYNDA J SCHLEGEL CULVER","17,683","0","0","14,099","0","0","3,428","0","0","156","0","0"
"2024 Presidential Election","LUZERNE","Senator in the General Assembly","29th Senatorial District","Democratic","JOHN ZUGAREK","5,674","0","0","3,447","0","0","2,102","0","0","125","0","0"
"2024 Presidential Election","LUZERNE","Senator in the General Assembly","29th Senatorial District","Republican","DAVE ARGALL","11,769","0","0","9,415","0","0","2,165","0","0","189","0","0"
"2024 Presidential Election","LUZERNE","Senator in the General Assembly","29th Senatorial District","Libertarian","TIMOTHY HENNING","346","0","0","258","0","0","77","0","0","11","0","0"
"2024 Presidential Election","LUZERNE","Representative in the General Assembly","116th Legislative District","Democratic","DEBORAH ADOFF","4,017","0","0","2,631","0","0","1,270","0","0","116","0","0"
"2024 Presidential Election","LUZERNE","Representative in the General Assembly","116th Legislative District","Republican","DANE WATRO","9,321","0","0","7,472","0","0","1,710","0","0","139","0","0"
"2024 Presidential Election","LUZERNE","Representative in the General Assembly","117th Legislative District","Republican","JAMIE WALSH","28,188","0","0","22,700","0","0","5,227","0","0","261","0","0"
"2024 Presidential Election","LUZERNE","Representative in the General Assembly","118th Legislative District","Democratic","JIM HADDOCK","10,720","0","0","6,747","0","0","3,861","0","0","112","0","0"
"2024 Presidential Election","LUZERNE","Representative in the General Assembly","118th Legislative District","Republican","MCKAYLA KATHIO","7,577","0","0","6,077","0","0","1,422","0","0","78","0","0"
"2024 Presidential Election","LUZERNE","Representative in the General Assembly","119th Legislative District","Democratic","MEGAN KOCHER","10,623","0","0","5,992","0","0","4,411","0","0","220","0","0"
"2024 Presidential Election","LUZERNE","Representative in the General Assembly","119th Legislative District","Republican","ALEC J RYNCAVAGE","18,031","0","0","13,814","0","0","3,973","0","0","244","0","0"
"2024 Presidential Election","LUZERNE","Representative in the General Assembly","120th Legislative District","Democratic","FERN LEARD","13,740","0","0","7,565","0","0","6,020","0","0","155","0","0"
"2024 Presidential Election","LUZERNE","Representative in the General Assembly","120th Legislative District","Republican","BRENDA PUGH","18,700","0","0","14,495","0","0","4,006","0","0","199","0","0"
"2024 Presidential Election","LUZERNE","Representative in the General Assembly","121st Legislative District","Democratic","EDDIE DAY PASHINSKI","11,692","0","0","6,905","0","0","4,606","0","0","181","0","0"
"2024 Presidential Election","LUZERNE","Representative in the General Assembly","121st Legislative District","Republican","DINO DISLER","9,459","0","0","7,402","0","0","1,926","0","0","131","0","0"
"2024 Presidential Election","LYCOMING","President of the United States","Statewide","Democratic","KAMALA D HARRIS","17,216","0","0","11,604","0","0","5,516","0","0","96","0","0"
"2024 Presidential Election","LYCOMING","President of the United States","Statewide","Republican","DONALD J TRUMP","41,961","0","0","34,924","0","0","6,878","0","0","159","0","0"
"2024 Presidential Election","LYCOMING","President of the United States","Statewide","Libertarian","CHASE OLIVER","296","0","0","246","0","0","46","0","0","4","0","0"
"2024 Presidential Election","LYCOMING","President of the United States","Statewide","Green Party","JILL STEIN","212","0","0","148","0","0","63","0","0","1","0","0"
"2024 Presidential Election","LYCOMING","United States Senator","Statewide","Democratic","ROBERT P CASEY JR","17,354","0","0","11,763","0","0","5,499","0","0","92","0","0"
"2024 Presidential Election","LYCOMING","United States Senator","Statewide","Republican","DAVE MCCORMICK","40,669","0","0","33,842","0","0","6,673","0","0","154","0","0"
"2024 Presidential Election","LYCOMING","United States Senator","Statewide","Libertarian","JOHN C THOMAS","813","0","0","686","0","0","122","0","0","5","0","0"
"2024 Presidential Election","LYCOMING","United States Senator","Statewide","Green Party","LEILA HAZOU","402","0","0","296","0","0","104","0","0","2","0","0"
"2024 Presidential Election","LYCOMING","United States Senator","Statewide","Constitution Party","MARTY SELKER","257","0","0","204","0","0","49","0","0","4","0","0"
"2024 Presidential Election","LYCOMING","Attorney General","Statewide","Democratic","EUGENE DEPASQUALE","16,115","0","0","10,961","0","0","5,062","0","0","92","0","0"
"2024 Presidential Election","LYCOMING","Attorney General","Statewide","Republican","DAVE SUNDAY","41,218","0","0","34,143","0","0","6,924","0","0","151","0","0"
"2024 Presidential Election","LYCOMING","Attorney General","Statewide","Libertarian","ROBERT COWBURN","852","0","0","739","0","0","108","0","0","5","0","0"
"2024 Presidential Election","LYCOMING","Attorney General","Statewide","Green Party","RICHARD L WEISS","464","0","0","349","0","0","111","0","0","4","0","0"
"2024 Presidential Election","LYCOMING","Attorney General","Statewide","Constitution Party","JUSTIN L MAGILL","331","0","0","278","0","0","52","0","0","1","0","0"
"2024 Presidential Election","LYCOMING","Attorney General","Statewide","Forward Party","ERIC L SETTLE","118","0","0","82","0","0","36","0","0","0","0","0"
"2024 Presidential Election","LYCOMING","Auditor General","Statewide","Democratic","MALCOLM KENYATTA","15,466","0","0","10,417","0","0","4,958","0","0","91","0","0"
"2024 Presidential Election","LYCOMING","Auditor General","Statewide","Republican","TIM DEFOOR","41,379","0","0","34,284","0","0","6,943","0","0","152","0","0"
"2024 Presidential Election","LYCOMING","Auditor General","Statewide","Libertarian","REECE SMITH","1,200","0","0","1,014","0","0","178","0","0","8","0","0"
"2024 Presidential Election","LYCOMING","Auditor General","Statewide","American Solidarity Party","ERIC K ANTON","161","0","0","126","0","0","34","0","0","1","0","0"
"2024 Presidential Election","LYCOMING","Auditor General","Statewide","Constitution Party","BOB GOODRICH","593","0","0","480","0","0","111","0","0","2","0","0"
"2024 Presidential Election","LYCOMING","State Treasurer","Statewide","Democratic","ERIN MCCLELLAND","15,107","0","0","10,100","0","0","4,920","0","0","87","0","0"
"2024 Presidential Election","LYCOMING","State Treasurer","Statewide","Republican","STACY GARRITY","41,992","0","0","34,782","0","0","7,055","0","0","155","0","0"
"2024 Presidential Election","LYCOMING","State Treasurer","Statewide","Libertarian","NICKOLAS CIESIELSKI","865","0","0","732","0","0","131","0","0","2","0","0"
"2024 Presidential Election","LYCOMING","State Treasurer","Statewide","Constitution Party","TROY BOWMAN","429","0","0","366","0","0","60","0","0","3","0","0"
"2024 Presidential Election","LYCOMING","State Treasurer","Statewide","Forward Party","CHRIS FOSTER","219","0","0","145","0","0","73","0","0","1","0","0"
"2024 Presidential Election","LYCOMING","Representative in Congress","9th Congressional District","Democratic","AMANDA WALDMAN","11,514","0","0","7,796","0","0","3,649","0","0","69","0","0"
"2024 Presidential Election","LYCOMING","Representative in Congress","9th Congressional District","Republican","DAN MEUSER","24,478","0","0","20,049","0","0","4,346","0","0","83","0","0"
"2024 Presidential Election","LYCOMING","Representative in Congress","15th Congressional District","Democratic","ZACH WOMER","4,787","0","0","3,199","0","0","1,567","0","0","21","0","0"
"2024 Presidential Election","LYCOMING","Representative in Congress","15th Congressional District","Republican","GLENN GT THOMPSON","17,992","0","0","15,158","0","0","2,766","0","0","68","0","0"
"2024 Presidential Election","LYCOMING","Senator in the General Assembly","23rd Senatorial District","Democratic","KIM PITCHER","14,651","0","0","9,869","0","0","4,691","0","0","91","0","0"
"2024 Presidential Election","LYCOMING","Senator in the General Assembly","23rd Senatorial District","Republican","GENE YAW","43,933","0","0","36,242","0","0","7,533","0","0","158","0","0"
"2024 Presidential Election","LYCOMING","Representative in the General Assembly","83rd Legislative District","Republican","JAMIE FLICK","20,710","0","0","16,311","0","0","4,321","0","0","78","0","0"
"2024 Presidential Election","LYCOMING","Representative in the General Assembly","84th Legislative District","Republican","JOE HAMM","30,445","0","0","25,113","0","0","5,218","0","0","114","0","0"
"2024 Presidential Election","McKEAN","President of the United States","Statewide","Democratic","KAMALA D HARRIS","5,115","0","0","3,422","0","0","1,669","0","0","24","0","0"
"2024 Presidential Election","McKEAN","President of the United States","Statewide","Republican","DONALD J TRUMP","14,401","0","0","12,317","0","0","2,035","0","0","49","0","0"
"2024 Presidential Election","McKEAN","President of the United States","Statewide","Libertarian","CHASE OLIVER","108","0","0","94","0","0","14","0","0","0","0","0"
"2024 Presidential Election","McKEAN","President of the United States","Statewide","Green Party","JILL STEIN","58","0","0","48","0","0","9","0","0","1","0","0"
"2024 Presidential Election","McKEAN","United States Senator","Statewide","Democratic","ROBERT P CASEY JR","5,231","0","0","3,555","0","0","1,651","0","0","25","0","0"
"2024 Presidential Election","McKEAN","United States Senator","Statewide","Republican","DAVE MCCORMICK","13,799","0","0","11,794","0","0","1,960","0","0","45","0","0"
"2024 Presidential Election","McKEAN","United States Senator","Statewide","Libertarian","JOHN C THOMAS","283","0","0","250","0","0","33","0","0","0","0","0"
"2024 Presidential Election","McKEAN","United States Senator","Statewide","Green Party","LEILA HAZOU","133","0","0","103","0","0","30","0","0","0","0","0"
"2024 Presidential Election","McKEAN","United States Senator","Statewide","Constitution Party","MARTY SELKER","125","0","0","102","0","0","22","0","0","1","0","0"
"2024 Presidential Election","McKEAN","Attorney General","Statewide","Democratic","EUGENE DEPASQUALE","4,701","0","0","3,127","0","0","1,552","0","0","22","0","0"
"2024 Presidential Election","McKEAN","Attorney General","Statewide","Republican","DAVE SUNDAY","13,969","0","0","11,905","0","0","2,016","0","0","48","0","0"
"2024 Presidential Election","McKEAN","Attorney General","Statewide","Libertarian","ROBERT COWBURN","331","0","0","293","0","0","38","0","0","0","0","0"
"2024 Presidential Election","McKEAN","Attorney General","Statewide","Green Party","RICHARD L WEISS","163","0","0","137","0","0","25","0","0","1","0","0"
"2024 Presidential Election","McKEAN","Attorney General","Statewide","Constitution Party","JUSTIN L MAGILL","144","0","0","135","0","0","9","0","0","0","0","0"
"2024 Presidential Election","McKEAN","Attorney General","Statewide","Forward Party","ERIC L SETTLE","47","0","0","39","0","0","8","0","0","0","0","0"
"2024 Presidential Election","McKEAN","Auditor General","Statewide","Democratic","MALCOLM KENYATTA","4,506","0","0","3,002","0","0","1,479","0","0","25","0","0"
"2024 Presidential Election","McKEAN","Auditor General","Statewide","Republican","TIM DEFOOR","14,102","0","0","11,983","0","0","2,074","0","0","45","0","0"
"2024 Presidential Election","McKEAN","Auditor General","Statewide","Libertarian","REECE SMITH","359","0","0","308","0","0","51","0","0","0","0","0"
"2024 Presidential Election","McKEAN","Auditor General","Statewide","American Solidarity Party","ERIC K ANTON","60","0","0","57","0","0","3","0","0","0","0","0"
"2024 Presidential Election","McKEAN","Auditor General","Statewide","Constitution Party","BOB GOODRICH","244","0","0","217","0","0","26","0","0","1","0","0"
"2024 Presidential Election","McKEAN","State Treasurer","Statewide","Democratic","ERIN MCCLELLAND","4,552","0","0","3,022","0","0","1,504","0","0","26","0","0"
"2024 Presidential Election","McKEAN","State Treasurer","Statewide","Republican","STACY GARRITY","14,309","0","0","12,179","0","0","2,088","0","0","42","0","0"
"2024 Presidential Election","McKEAN","State Treasurer","Statewide","Libertarian","NICKOLAS CIESIELSKI","258","0","0","227","0","0","30","0","0","1","0","0"
"2024 Presidential Election","McKEAN","State Treasurer","Statewide","Constitution Party","TROY BOWMAN","161","0","0","146","0","0","15","0","0","0","0","0"
"2024 Presidential Election","McKEAN","State Treasurer","Statewide","Forward Party","CHRIS FOSTER","79","0","0","61","0","0","16","0","0","2","0","0"
"2024 Presidential Election","McKEAN","Representative in Congress","15th Congressional District","Democratic","ZACH WOMER","4,420","0","0","2,924","0","0","1,476","0","0","20","0","0"
"2024 Presidential Election","McKEAN","Representative in Congress","15th Congressional District","Republican","GLENN GT THOMPSON","15,019","0","0","12,787","0","0","2,184","0","0","48","0","0"
"2024 Presidential Election","McKEAN","Senator in the General Assembly","25th Senatorial District","Democratic","WILLIAM MCGILL","4,754","0","0","3,208","0","0","1,522","0","0","24","0","0"
"2024 Presidential Election","McKEAN","Senator in the General Assembly","25th Senatorial District","Republican","CRIS DUSH","14,534","0","0","12,437","0","0","2,057","0","0","40","0","0"
"2024 Presidential Election","McKEAN","Representative in the General Assembly","67th Legislative District","Democratic","RAJEEV PRADHAN","3,940","0","0","2,643","0","0","1,277","0","0","20","0","0"
"2024 Presidential Election","McKEAN","Representative in the General Assembly","67th Legislative District","Republican","MARTIN T CAUSER","15,536","0","0","13,119","0","0","2,370","0","0","47","0","0"
"2024 Presidential Election","MERCER","President of the United States","Statewide","Democratic","KAMALA D HARRIS","20,145","0","0","13,215","0","0","6,807","0","0","123","0","0"
"2024 Presidential Election","MERCER","President of the United States","Statewide","Republican","DONALD J TRUMP","37,761","0","0","30,716","0","0","6,845","0","0","200","0","0"
"2024 Presidential Election","MERCER","President of the United States","Statewide","Libertarian","CHASE OLIVER","312","0","0","242","0","0","67","0","0","3","0","0"
"2024 Presidential Election","MERCER","President of the United States","Statewide","Green Party","JILL STEIN","192","0","0","152","0","0","40","0","0","0","0","0"
"2024 Presidential Election","MERCER","United States Senator","Statewide","Democratic","ROBERT P CASEY JR","20,302","0","0","13,420","0","0","6,756","0","0","126","0","0"
"2024 Presidential Election","MERCER","United States Senator","Statewide","Republican","DAVE MCCORMICK","36,468","0","0","29,535","0","0","6,747","0","0","186","0","0"
"2024 Presidential Election","MERCER","United States Senator","Statewide","Libertarian","JOHN C THOMAS","722","0","0","623","0","0","96","0","0","3","0","0"
"2024 Presidential Election","MERCER","United States Senator","Statewide","Green Party","LEILA HAZOU","376","0","0","289","0","0","84","0","0","3","0","0"
"2024 Presidential Election","MERCER","United States Senator","Statewide","Constitution Party","MARTY SELKER","220","0","0","175","0","0","45","0","0","0","0","0"
"2024 Presidential Election","MERCER","Attorney General","Statewide","Democratic","EUGENE DEPASQUALE","19,081","0","0","12,532","0","0","6,435","0","0","114","0","0"
"2024 Presidential Election","MERCER","Attorney General","Statewide","Republican","DAVE SUNDAY","36,379","0","0","29,372","0","0","6,823","0","0","184","0","0"
"2024 Presidential Election","MERCER","Attorney General","Statewide","Libertarian","ROBERT COWBURN","875","0","0","748","0","0","121","0","0","6","0","0"
"2024 Presidential Election","MERCER","Attorney General","Statewide","Green Party","RICHARD L WEISS","487","0","0","406","0","0","79","0","0","2","0","0"
"2024 Presidential Election","MERCER","Attorney General","Statewide","Constitution Party","JUSTIN L MAGILL","402","0","0","343","0","0","58","0","0","1","0","0"
"2024 Presidential Election","MERCER","Attorney General","Statewide","Forward Party","ERIC L SETTLE","165","0","0","137","0","0","28","0","0","0","0","0"
"2024 Presidential Election","MERCER","Auditor General","Statewide","Democratic","MALCOLM KENYATTA","18,343","0","0","11,957","0","0","6,275","0","0","111","0","0"
"2024 Presidential Election","MERCER","Auditor General","Statewide","Republican","TIM DEFOOR","36,800","0","0","29,700","0","0","6,919","0","0","181","0","0"
"2024 Presidential Election","MERCER","Auditor General","Statewide","Libertarian","REECE SMITH","1,055","0","0","891","0","0","155","0","0","9","0","0"
"2024 Presidential Election","MERCER","Auditor General","Statewide","American Solidarity Party","ERIC K ANTON","202","0","0","169","0","0","32","0","0","1","0","0"
"2024 Presidential Election","MERCER","Auditor General","Statewide","Constitution Party","BOB GOODRICH","632","0","0","537","0","0","92","0","0","3","0","0"
"2024 Presidential Election","MERCER","State Treasurer","Statewide","Democratic","ERIN MCCLELLAND","18,909","0","0","12,380","0","0","6,412","0","0","117","0","0"
"2024 Presidential Election","MERCER","State Treasurer","Statewide","Republican","STACY GARRITY","36,824","0","0","29,767","0","0","6,877","0","0","180","0","0"
"2024 Presidential Election","MERCER","State Treasurer","Statewide","Libertarian","NICKOLAS CIESIELSKI","796","0","0","681","0","0","109","0","0","6","0","0"
"2024 Presidential Election","MERCER","State Treasurer","Statewide","Constitution Party","TROY BOWMAN","515","0","0","434","0","0","77","0","0","4","0","0"
"2024 Presidential Election","MERCER","State Treasurer","Statewide","Forward Party","CHRIS FOSTER","201","0","0","159","0","0","41","0","0","1","0","0"
"2024 Presidential Election","MERCER","Representative in Congress","16th Congressional District","Democratic","PRESTON NOURI","18,721","0","0","12,209","0","0","6,401","0","0","111","0","0"
"2024 Presidential Election","MERCER","Representative in Congress","16th Congressional District","Republican","MIKE KELLY","38,981","0","0","31,522","0","0","7,259","0","0","200","0","0"
"2024 Presidential Election","MERCER","Representative in the General Assembly","7th Legislative District","Republican","PARKE WENTLING","25,599","0","0","19,779","0","0","5,690","0","0","130","0","0"
"2024 Presidential Election","MERCER","Representative in the General Assembly","17th Legislative District","Republican","TIM BONNER","20,414","0","0","16,359","0","0","3,959","0","0","96","0","0"
"2024 Presidential Election","MIFFLIN","President of the United States","Statewide","Democratic","KAMALA D HARRIS","4,735","0","0","2,716","0","0","1,989","0","0","30","0","0"
"2024 Presidential Election","MIFFLIN","President of the United States","Statewide","Republican","DONALD J TRUMP","17,184","0","0","14,255","0","0","2,829","0","0","100","0","0"
"2024 Presidential Election","MIFFLIN","President of the United States","Statewide","Libertarian","CHASE OLIVER","95","0","0","66","0","0","29","0","0","0","0","0"
"2024 Presidential Election","MIFFLIN","President of the United States","Statewide","Green Party","JILL STEIN","57","0","0","43","0","0","14","0","0","0","0","0"
"2024 Presidential Election","MIFFLIN","United States Senator","Statewide","Democratic","ROBERT P CASEY JR","4,991","0","0","2,950","0","0","2,008","0","0","33","0","0"
"2024 Presidential Election","MIFFLIN","United States Senator","Statewide","Republican","DAVE MCCORMICK","16,413","0","0","13,609","0","0","2,711","0","0","93","0","0"
"2024 Presidential Election","MIFFLIN","United States Senator","Statewide","Libertarian","JOHN C THOMAS","313","0","0","247","0","0","65","0","0","1","0","0"
"2024 Presidential Election","MIFFLIN","United States Senator","Statewide","Green Party","LEILA HAZOU","133","0","0","94","0","0","37","0","0","2","0","0"
"2024 Presidential Election","MIFFLIN","United States Senator","Statewide","Constitution Party","MARTY SELKER","96","0","0","71","0","0","25","0","0","0","0","0"
"2024 Presidential Election","MIFFLIN","Attorney General","Statewide","Democratic","EUGENE DEPASQUALE","4,441","0","0","2,586","0","0","1,830","0","0","25","0","0"
"2024 Presidential Election","MIFFLIN","Attorney General","Statewide","Republican","DAVE SUNDAY","16,785","0","0","13,849","0","0","2,840","0","0","96","0","0"
"2024 Presidential Election","MIFFLIN","Attorney General","Statewide","Libertarian","ROBERT COWBURN","273","0","0","226","0","0","44","0","0","3","0","0"
"2024 Presidential Election","MIFFLIN","Attorney General","Statewide","Green Party","RICHARD L WEISS","130","0","0","100","0","0","28","0","0","2","0","0"
"2024 Presidential Election","MIFFLIN","Attorney General","Statewide","Constitution Party","JUSTIN L MAGILL","88","0","0","67","0","0","20","0","0","1","0","0"
"2024 Presidential Election","MIFFLIN","Attorney General","Statewide","Forward Party","ERIC L SETTLE","46","0","0","37","0","0","9","0","0","0","0","0"
"2024 Presidential Election","MIFFLIN","Auditor General","Statewide","Democratic","MALCOLM KENYATTA","4,215","0","0","2,386","0","0","1,803","0","0","26","0","0"
"2024 Presidential Election","MIFFLIN","Auditor General","Statewide","Republican","TIM DEFOOR","16,753","0","0","13,801","0","0","2,864","0","0","88","0","0"
"2024 Presidential Election","MIFFLIN","Auditor General","Statewide","Libertarian","REECE SMITH","377","0","0","311","0","0","62","0","0","4","0","0"
"2024 Presidential Election","MIFFLIN","Auditor General","Statewide","American Solidarity Party","ERIC K ANTON","61","0","0","48","0","0","11","0","0","2","0","0"
"2024 Presidential Election","MIFFLIN","Auditor General","Statewide","Constitution Party","BOB GOODRICH","215","0","0","171","0","0","42","0","0","2","0","0"
"2024 Presidential Election","MIFFLIN","State Treasurer","Statewide","Democratic","ERIN MCCLELLAND","4,142","0","0","2,330","0","0","1,787","0","0","25","0","0"
"2024 Presidential Election","MIFFLIN","State Treasurer","Statewide","Republican","STACY GARRITY","17,034","0","0","14,041","0","0","2,899","0","0","94","0","0"
"2024 Presidential Election","MIFFLIN","State Treasurer","Statewide","Libertarian","NICKOLAS CIESIELSKI","292","0","0","250","0","0","41","0","0","1","0","0"
"2024 Presidential Election","MIFFLIN","State Treasurer","Statewide","Constitution Party","TROY BOWMAN","143","0","0","108","0","0","34","0","0","1","0","0"
"2024 Presidential Election","MIFFLIN","State Treasurer","Statewide","Forward Party","CHRIS FOSTER","78","0","0","51","0","0","26","0","0","1","0","0"
"2024 Presidential Election","MIFFLIN","Representative in Congress","13th Congressional District","Democratic","BETH FARNHAM","4,524","0","0","2,634","0","0","1,860","0","0","30","0","0"
"2024 Presidential Election","MIFFLIN","Representative in Congress","13th Congressional District","Republican","JOHN JOYCE","17,132","0","0","14,141","0","0","2,899","0","0","92","0","0"
"2024 Presidential Election","MIFFLIN","Representative in the General Assembly","85th Legislative District","Democratic","NICK JACOBSON","1,361","0","0","769","0","0","578","0","0","14","0","0"
"2024 Presidential Election","MIFFLIN","Representative in the General Assembly","85th Legislative District","Republican","DAVID H ROWE","5,216","0","0","4,310","0","0","883","0","0","23","0","0"
"2024 Presidential Election","MIFFLIN","Representative in the General Assembly","171st Legislative District","Republican","KERRY A  BENNINGHOFF","13,661","0","0","10,877","0","0","2,710","0","0","74","0","0"
"2024 Presidential Election","MONROE","President of the United States","Statewide","Democratic","KAMALA D HARRIS","42,007","0","0","23,358","0","0","18,148","0","0","501","0","0"
"2024 Presidential Election","MONROE","President of the United States","Statewide","Republican","DONALD J TRUMP","42,676","0","0","31,765","0","0","10,515","0","0","396","0","0"
"2024 Presidential Election","MONROE","President of the United States","Statewide","Libertarian","CHASE OLIVER","401","0","0","266","0","0","132","0","0","3","0","0"
"2024 Presidential Election","MONROE","President of the United States","Statewide","Green Party","JILL STEIN","441","0","0","290","0","0","139","0","0","12","0","0"
"2024 Presidential Election","MONROE","United States Senator","Statewide","Democratic","ROBERT P CASEY JR","41,701","0","0","23,222","0","0","17,981","0","0","498","0","0"
"2024 Presidential Election","MONROE","United States Senator","Statewide","Republican","DAVE MCCORMICK","40,872","0","0","30,292","0","0","10,225","0","0","355","0","0"
"2024 Presidential Election","MONROE","United States Senator","Statewide","Libertarian","JOHN C THOMAS","1,136","0","0","868","0","0","251","0","0","17","0","0"
"2024 Presidential Election","MONROE","United States Senator","Statewide","Green Party","LEILA HAZOU","992","0","0","649","0","0","329","0","0","14","0","0"
"2024 Presidential Election","MONROE","United States Senator","Statewide","Constitution Party","MARTY SELKER","327","0","0","244","0","0","75","0","0","8","0","0"
"2024 Presidential Election","MONROE","Attorney General","Statewide","Democratic","EUGENE DEPASQUALE","40,311","0","0","22,507","0","0","17,321","0","0","483","0","0"
"2024 Presidential Election","MONROE","Attorney General","Statewide","Republican","DAVE SUNDAY","40,784","0","0","29,999","0","0","10,439","0","0","346","0","0"
"2024 Presidential Election","MONROE","Attorney General","Statewide","Libertarian","ROBERT COWBURN","1,365","0","0","1,048","0","0","295","0","0","22","0","0"
"2024 Presidential Election","MONROE","Attorney General","Statewide","Green Party","RICHARD L WEISS","1,045","0","0","747","0","0","280","0","0","18","0","0"
"2024 Presidential Election","MONROE","Attorney General","Statewide","Constitution Party","JUSTIN L MAGILL","534","0","0","397","0","0","126","0","0","11","0","0"
"2024 Presidential Election","MONROE","Attorney General","Statewide","Forward Party","ERIC L SETTLE","229","0","0","126","0","0","98","0","0","5","0","0"
"2024 Presidential Election","MONROE","Auditor General","Statewide","Democratic","MALCOLM KENYATTA","39,604","0","0","21,998","0","0","17,118","0","0","488","0","0"
"2024 Presidential Election","MONROE","Auditor General","Statewide","Republican","TIM DEFOOR","40,743","0","0","29,821","0","0","10,575","0","0","347","0","0"
"2024 Presidential Election","MONROE","Auditor General","Statewide","Libertarian","REECE SMITH","1,737","0","0","1,299","0","0","418","0","0","20","0","0"
"2024 Presidential Election","MONROE","Auditor General","Statewide","American Solidarity Party","ERIC K ANTON","296","0","0","226","0","0","67","0","0","3","0","0"
"2024 Presidential Election","MONROE","Auditor General","Statewide","Constitution Party","BOB GOODRICH","816","0","0","633","0","0","167","0","0","16","0","0"
"2024 Presidential Election","MONROE","State Treasurer","Statewide","Democratic","ERIN MCCLELLAND","39,517","0","0","21,904","0","0","17,131","0","0","482","0","0"
"2024 Presidential Election","MONROE","State Treasurer","Statewide","Republican","STACY GARRITY","41,405","0","0","30,377","0","0","10,674","0","0","354","0","0"
"2024 Presidential Election","MONROE","State Treasurer","Statewide","Libertarian","NICKOLAS CIESIELSKI","1,384","0","0","1,028","0","0","343","0","0","13","0","0"
"2024 Presidential Election","MONROE","State Treasurer","Statewide","Constitution Party","TROY BOWMAN","641","0","0","512","0","0","117","0","0","12","0","0"
"2024 Presidential Election","MONROE","State Treasurer","Statewide","Forward Party","CHRIS FOSTER","358","0","0","237","0","0","114","0","0","7","0","0"
"2024 Presidential Election","MONROE","Representative in Congress","7th Congressional District","Democratic","SUSAN WILD","2,406","0","0","1,292","0","0","1,087","0","0","27","0","0"
"2024 Presidential Election","MONROE","Representative in Congress","7th Congressional District","Republican","RYAN E MACKENZIE","5,015","0","0","4,069","0","0","908","0","0","38","0","0"
"2024 Presidential Election","MONROE","Representative in Congress","8th Congressional District","Democratic","MATT CARTWRIGHT","41,188","0","0","23,328","0","0","17,376","0","0","484","0","0"
"2024 Presidential Election","MONROE","Representative in Congress","8th Congressional District","Republican","ROB BRESNAHAN JR","35,013","0","0","25,578","0","0","9,133","0","0","302","0","0"
"2024 Presidential Election","MONROE","Representative in the General Assembly","115th Legislative District","Democratic","MAUREEN E MADDEN","15,955","0","0","8,941","0","0","6,820","0","0","194","0","0"
"2024 Presidential Election","MONROE","Representative in the General Assembly","115th Legislative District","Republican","MATT LONG","13,894","0","0","10,269","0","0","3,505","0","0","120","0","0"
"2024 Presidential Election","MONROE","Representative in the General Assembly","176th Legislative District","Democratic","HOPE CHRISTMAN","12,576","0","0","6,559","0","0","5,878","0","0","139","0","0"
"2024 Presidential Election","MONROE","Representative in the General Assembly","176th Legislative District","Republican","JACK RADER","21,429","0","0","15,697","0","0","5,566","0","0","166","0","0"
"2024 Presidential Election","MONROE","Representative in the General Assembly","189th Legislative District","Democratic","TARAH PROBST","12,478","0","0","7,598","0","0","4,734","0","0","146","0","0"
"2024 Presidential Election","MONROE","Representative in the General Assembly","189th Legislative District","Republican","LISA VANWHY","7,527","0","0","5,454","0","0","2,008","0","0","65","0","0"
"2024 Presidential Election","MONTGOMERY","President of the United States","Statewide","Democratic","KAMALA D HARRIS","317,103","0","0","187,364","0","0","127,018","0","0","2,721","0","0"
"2024 Presidential Election","MONTGOMERY","President of the United States","Statewide","Republican","DONALD J TRUMP","198,311","0","0","152,478","0","0","44,411","0","0","1,422","0","0"
"2024 Presidential Election","MONTGOMERY","President of the United States","Statewide","Libertarian","CHASE OLIVER","2,508","0","0","1,800","0","0","687","0","0","21","0","0"
"2024 Presidential Election","MONTGOMERY","President of the United States","Statewide","Green Party","JILL STEIN","2,984","0","0","2,026","0","0","917","0","0","41","0","0"
"2024 Presidential Election","MONTGOMERY","United States Senator","Statewide","Democratic","ROBERT P CASEY JR","311,859","0","0","184,625","0","0","124,583","0","0","2,651","0","0"
"2024 Presidential Election","MONTGOMERY","United States Senator","Statewide","Republican","DAVE MCCORMICK","196,422","0","0","149,916","0","0","45,135","0","0","1,371","0","0"
"2024 Presidential Election","MONTGOMERY","United States Senator","Statewide","Libertarian","JOHN C THOMAS","5,526","0","0","4,234","0","0","1,230","0","0","62","0","0"
"2024 Presidential Election","MONTGOMERY","United States Senator","Statewide","Green Party","LEILA HAZOU","5,011","0","0","3,252","0","0","1,681","0","0","78","0","0"
"2024 Presidential Election","MONTGOMERY","United States Senator","Statewide","Constitution Party","MARTY SELKER","1,150","0","0","834","0","0","304","0","0","12","0","0"
"2024 Presidential Election","MONTGOMERY","Attorney General","Statewide","Democratic","EUGENE DEPASQUALE","289,427","0","0","171,100","0","0","115,817","0","0","2,510","0","0"
"2024 Presidential Election","MONTGOMERY","Attorney General","Statewide","Republican","DAVE SUNDAY","210,745","0","0","158,672","0","0","50,641","0","0","1,432","0","0"
"2024 Presidential Election","MONTGOMERY","Attorney General","Statewide","Libertarian","ROBERT COWBURN","5,867","0","0","4,615","0","0","1,192","0","0","60","0","0"
"2024 Presidential Election","MONTGOMERY","Attorney General","Statewide","Green Party","RICHARD L WEISS","5,130","0","0","3,572","0","0","1,489","0","0","69","0","0"
"2024 Presidential Election","MONTGOMERY","Attorney General","Statewide","Constitution Party","JUSTIN L MAGILL","1,555","0","0","1,235","0","0","302","0","0","18","0","0"
"2024 Presidential Election","MONTGOMERY","Attorney General","Statewide","Forward Party","ERIC L SETTLE","1,713","0","0","1,108","0","0","579","0","0","26","0","0"
"2024 Presidential Election","MONTGOMERY","Auditor General","Statewide","Democratic","MALCOLM KENYATTA","292,109","0","0","173,254","0","0","116,300","0","0","2,555","0","0"
"2024 Presidential Election","MONTGOMERY","Auditor General","Statewide","Republican","TIM DEFOOR","207,216","0","0","155,581","0","0","50,232","0","0","1,403","0","0"
"2024 Presidential Election","MONTGOMERY","Auditor General","Statewide","Libertarian","REECE SMITH","8,377","0","0","6,367","0","0","1,929","0","0","81","0","0"
"2024 Presidential Election","MONTGOMERY","Auditor General","Statewide","American Solidarity Party","ERIC K ANTON","1,333","0","0","1,017","0","0","287","0","0","29","0","0"
"2024 Presidential Election","MONTGOMERY","Auditor General","Statewide","Constitution Party","BOB GOODRICH","3,080","0","0","2,414","0","0","637","0","0","29","0","0"
"2024 Presidential Election","MONTGOMERY","State Treasurer","Statewide","Democratic","ERIN MCCLELLAND","289,943","0","0","171,288","0","0","116,155","0","0","2,500","0","0"
"2024 Presidential Election","MONTGOMERY","State Treasurer","Statewide","Republican","STACY GARRITY","211,690","0","0","159,662","0","0","50,550","0","0","1,478","0","0"
"2024 Presidential Election","MONTGOMERY","State Treasurer","Statewide","Libertarian","NICKOLAS CIESIELSKI","6,655","0","0","5,119","0","0","1,473","0","0","63","0","0"
"2024 Presidential Election","MONTGOMERY","State Treasurer","Statewide","Constitution Party","TROY BOWMAN","2,111","0","0","1,638","0","0","443","0","0","30","0","0"
"2024 Presidential Election","MONTGOMERY","State Treasurer","Statewide","Forward Party","CHRIS FOSTER","2,024","0","0","1,320","0","0","678","0","0","26","0","0"
"2024 Presidential Election","MONTGOMERY","Representative in Congress","1st Congressional District","Democratic","ASHLEY EHASZ","31,572","0","0","17,760","0","0","13,524","0","0","288","0","0"
"2024 Presidential Election","MONTGOMERY","Representative in Congress","1st Congressional District","Republican","BRIAN FITZPATRICK","38,697","0","0","29,335","0","0","9,108","0","0","254","0","0"
"2024 Presidential Election","MONTGOMERY","Representative in Congress","4th Congressional District","Democratic","MADELEINE DEAN","237,720","0","0","141,515","0","0","94,245","0","0","1,960","0","0"
"2024 Presidential Election","MONTGOMERY","Representative in Congress","4th Congressional District","Republican","DAVID WINKLER","142,669","0","0","107,850","0","0","33,884","0","0","935","0","0"
"2024 Presidential Election","MONTGOMERY","Representative in Congress","5th Congressional District","Democratic","MARY GAY SCANLON","42,178","0","0","25,092","0","0","16,680","0","0","406","0","0"
"2024 Presidential Election","MONTGOMERY","Representative in Congress","5th Congressional District","Republican","ALFEIA GOODWIN","14,692","0","0","10,761","0","0","3,793","0","0","138","0","0"
"2024 Presidential Election","MONTGOMERY","Senator in the General Assembly","7th Senatorial District","Democratic","VINCENT HUGHES","14,483","0","0","9,360","0","0","4,981","0","0","142","0","0"
"2024 Presidential Election","MONTGOMERY","Senator in the General Assembly","17th Senatorial District","Democratic","AMANDA M CAPPELLETTI","67,124","0","0","39,217","0","0","27,314","0","0","593","0","0"
"2024 Presidential Election","MONTGOMERY","Senator in the General Assembly","17th Senatorial District","Republican","GREG HARRIS","27,880","0","0","20,428","0","0","7,202","0","0","250","0","0"
"2024 Presidential Election","MONTGOMERY","Representative in the General Assembly","53rd Legislative District","Democratic","STEVE MALAGARI","21,057","0","0","12,948","0","0","7,908","0","0","201","0","0"
"2024 Presidential Election","MONTGOMERY","Representative in the General Assembly","53rd Legislative District","Republican","CHERYL BONAVITA","13,912","0","0","10,971","0","0","2,844","0","0","97","0","0"
"2024 Presidential Election","MONTGOMERY","Representative in the General Assembly","54th Legislative District","Democratic","GREG SCOTT","18,584","0","0","12,369","0","0","6,021","0","0","194","0","0"
"2024 Presidential Election","MONTGOMERY","Representative in the General Assembly","54th Legislative District","Republican","MARTIN DICKERSON","8,092","0","0","6,327","0","0","1,702","0","0","63","0","0"
"2024 Presidential Election","MONTGOMERY","Representative in the General Assembly","61st Legislative District","Democratic","LIZ HANBIDGE","25,068","0","0","13,784","0","0","11,076","0","0","208","0","0"
"2024 Presidential Election","MONTGOMERY","Representative in the General Assembly","61st Legislative District","Republican","MICHELLE RUPP","16,109","0","0","11,699","0","0","4,310","0","0","100","0","0"
"2024 Presidential Election","MONTGOMERY","Representative in the General Assembly","70th Legislative District","Democratic","MATT BRADFORD","24,570","0","0","14,192","0","0","10,198","0","0","180","0","0"
"2024 Presidential Election","MONTGOMERY","Representative in the General Assembly","70th Legislative District","Republican","ED MOYE","16,267","0","0","12,157","0","0","3,999","0","0","111","0","0"
"2024 Presidential Election","MONTGOMERY","Representative in the General Assembly","131st Legislative District","Democratic","MERIAM SABIH","5,748","0","0","3,366","0","0","2,341","0","0","41","0","0"
"2024 Presidential Election","MONTGOMERY","Representative in the General Assembly","131st Legislative District","Republican","MILOU MACKENZIE","8,848","0","0","7,193","0","0","1,598","0","0","57","0","0"
"2024 Presidential Election","MONTGOMERY","Representative in the General Assembly","146th Legislative District","Democratic","JOE CIRESI","20,726","0","0","13,083","0","0","7,471","0","0","172","0","0"
"2024 Presidential Election","MONTGOMERY","Representative in the General Assembly","146th Legislative District","Republican","MICHAEL J MCCLOSKEY III","14,233","0","0","11,198","0","0","2,950","0","0","85","0","0"
"2024 Presidential Election","MONTGOMERY","Representative in the General Assembly","147th Legislative District","Democratic","ALBERT LEACH","16,835","0","0","9,474","0","0","7,244","0","0","117","0","0"
"2024 Presidential Election","MONTGOMERY","Representative in the General Assembly","147th Legislative District","Republican","DONNA M SCHEUREN","23,792","0","0","18,182","0","0","5,473","0","0","137","0","0"
"2024 Presidential Election","MONTGOMERY","Representative in the General Assembly","148th Legislative District","Democratic","MARY JO DALEY","34,119","0","0","19,528","0","0","14,282","0","0","309","0","0"
"2024 Presidential Election","MONTGOMERY","Representative in the General Assembly","149th Legislative District","Democratic","TIM BRIGGS","30,339","0","0","18,432","0","0","11,659","0","0","248","0","0"
"2024 Presidential Election","MONTGOMERY","Representative in the General Assembly","150th Legislative District","Democratic","JOE WEBSTER","22,359","0","0","11,741","0","0","10,424","0","0","194","0","0"
"2024 Presidential Election","MONTGOMERY","Representative in the General Assembly","150th Legislative District","Republican","SIMONE COLLINS","15,624","0","0","10,961","0","0","4,538","0","0","125","0","0"
"2024 Presidential Election","MONTGOMERY","Representative in the General Assembly","151st Legislative District","Democratic","MELISSA CERRATO","24,975","0","0","14,543","0","0","10,248","0","0","184","0","0"
"2024 Presidential Election","MONTGOMERY","Representative in the General Assembly","151st Legislative District","Republican","ALLEN ARTHUR ANDERSON","15,672","0","0","11,714","0","0","3,860","0","0","98","0","0"
"2024 Presidential Election","MONTGOMERY","Representative in the General Assembly","152nd Legislative District","Democratic","NANCY GUENST","21,583","0","0","13,753","0","0","7,650","0","0","180","0","0"
"2024 Presidential Election","MONTGOMERY","Representative in the General Assembly","152nd Legislative District","Republican","TIM BERTMAN","13,699","0","0","11,052","0","0","2,562","0","0","85","0","0"
"2024 Presidential Election","MONTGOMERY","Representative in the General Assembly","153rd Legislative District","Democratic","BEN SANCHEZ","25,739","0","0","16,184","0","0","9,341","0","0","214","0","0"
"2024 Presidential Election","MONTGOMERY","Representative in the General Assembly","153rd Legislative District","Republican","JOSEPH J ROONEY","13,427","0","0","10,560","0","0","2,791","0","0","76","0","0"
"2024 Presidential Election","MONTGOMERY","Representative in the General Assembly","154th Legislative District","Democratic","NAPOLEON NELSON","31,179","0","0","20,124","0","0","10,776","0","0","279","0","0"
"2024 Presidential Election","MONTGOMERY","Representative in the General Assembly","154th Legislative District","Republican","THOM ESTILOW","7,648","0","0","5,921","0","0","1,662","0","0","65","0","0"
"2024 Presidential Election","MONTOUR","President of the United States","Statewide","Democratic","KAMALA D HARRIS","3,862","0","0","2,351","0","0","1,469","0","0","42","0","0"
"2024 Presidential Election","MONTOUR","President of the United States","Statewide","Republican","DONALD J TRUMP","5,944","0","0","4,790","0","0","1,126","0","0","28","0","0"
"2024 Presidential Election","MONTOUR","President of the United States","Statewide","Libertarian","CHASE OLIVER","58","0","0","45","0","0","13","0","0","0","0","0"
"2024 Presidential Election","MONTOUR","President of the United States","Statewide","Green Party","JILL STEIN","44","0","0","35","0","0","9","0","0","0","0","0"
"2024 Presidential Election","MONTOUR","United States Senator","Statewide","Democratic","ROBERT P CASEY JR","3,813","0","0","2,341","0","0","1,436","0","0","36","0","0"
"2024 Presidential Election","MONTOUR","United States Senator","Statewide","Republican","DAVE MCCORMICK","5,847","0","0","4,690","0","0","1,127","0","0","30","0","0"
"2024 Presidential Election","MONTOUR","United States Senator","Statewide","Libertarian","JOHN C THOMAS","122","0","0","98","0","0","23","0","0","1","0","0"
"2024 Presidential Election","MONTOUR","United States Senator","Statewide","Green Party","LEILA HAZOU","77","0","0","49","0","0","28","0","0","0","0","0"
"2024 Presidential Election","MONTOUR","United States Senator","Statewide","Constitution Party","MARTY SELKER","41","0","0","28","0","0","13","0","0","0","0","0"
"2024 Presidential Election","MONTOUR","Attorney General","Statewide","Democratic","EUGENE DEPASQUALE","3,526","0","0","2,162","0","0","1,327","0","0","37","0","0"
"2024 Presidential Election","MONTOUR","Attorney General","Statewide","Republican","DAVE SUNDAY","5,931","0","0","4,706","0","0","1,196","0","0","29","0","0"
"2024 Presidential Election","MONTOUR","Attorney General","Statewide","Libertarian","ROBERT COWBURN","158","0","0","130","0","0","28","0","0","0","0","0"
"2024 Presidential Election","MONTOUR","Attorney General","Statewide","Green Party","RICHARD L WEISS","94","0","0","68","0","0","26","0","0","0","0","0"
"2024 Presidential Election","MONTOUR","Attorney General","Statewide","Constitution Party","JUSTIN L MAGILL","43","0","0","34","0","0","8","0","0","1","0","0"
"2024 Presidential Election","MONTOUR","Attorney General","Statewide","Forward Party","ERIC L SETTLE","41","0","0","25","0","0","16","0","0","0","0","0"
"2024 Presidential Election","MONTOUR","Auditor General","Statewide","Democratic","MALCOLM KENYATTA","3,325","0","0","1,999","0","0","1,293","0","0","33","0","0"
"2024 Presidential Election","MONTOUR","Auditor General","Statewide","Republican","TIM DEFOOR","6,037","0","0","4,785","0","0","1,221","0","0","31","0","0"
"2024 Presidential Election","MONTOUR","Auditor General","Statewide","Libertarian","REECE SMITH","212","0","0","175","0","0","35","0","0","2","0","0"
"2024 Presidential Election","MONTOUR","Auditor General","Statewide","American Solidarity Party","ERIC K ANTON","38","0","0","28","0","0","10","0","0","0","0","0"
"2024 Presidential Election","MONTOUR","Auditor General","Statewide","Constitution Party","BOB GOODRICH","89","0","0","67","0","0","21","0","0","1","0","0"
"2024 Presidential Election","MONTOUR","State Treasurer","Statewide","Democratic","ERIN MCCLELLAND","3,271","0","0","1,981","0","0","1,256","0","0","34","0","0"
"2024 Presidential Election","MONTOUR","State Treasurer","Statewide","Republican","STACY GARRITY","6,153","0","0","4,879","0","0","1,244","0","0","30","0","0"
"2024 Presidential Election","MONTOUR","State Treasurer","Statewide","Libertarian","NICKOLAS CIESIELSKI","120","0","0","101","0","0","19","0","0","0","0","0"
"2024 Presidential Election","MONTOUR","State Treasurer","Statewide","Constitution Party","TROY BOWMAN","74","0","0","57","0","0","17","0","0","0","0","0"
"2024 Presidential Election","MONTOUR","State Treasurer","Statewide","Forward Party","CHRIS FOSTER","53","0","0","32","0","0","21","0","0","0","0","0"
"2024 Presidential Election","MONTOUR","Representative in Congress","9th Congressional District","Democratic","AMANDA WALDMAN","3,424","0","0","2,053","0","0","1,334","0","0","37","0","0"
"2024 Presidential Election","MONTOUR","Representative in Congress","9th Congressional District","Republican","DAN MEUSER","6,379","0","0","5,076","0","0","1,273","0","0","30","0","0"
"2024 Presidential Election","MONTOUR","Senator in the General Assembly","27th Senatorial District","Democratic","PATRICIA LAWTON","3,241","0","0","1,963","0","0","1,243","0","0","35","0","0"
"2024 Presidential Election","MONTOUR","Senator in the General Assembly","27th Senatorial District","Republican","LYNDA J SCHLEGEL CULVER","6,544","0","0","5,162","0","0","1,351","0","0","31","0","0"
"2024 Presidential Election","MONTOUR","Representative in the General Assembly","108th Legislative District","Republican","MICHAEL STENDER","7,875","0","0","6,044","0","0","1,780","0","0","51","0","0"
"2024 Presidential Election","NORTHAMPTON","President of the United States","Statewide","Democratic","KAMALA D HARRIS","86,655","0","0","47,531","0","0","37,732","0","0","1,392","0","0"
"2024 Presidential Election","NORTHAMPTON","President of the United States","Statewide","Republican","DONALD J TRUMP","89,817","0","0","66,942","0","0","21,653","0","0","1,222","0","0"
"2024 Presidential Election","NORTHAMPTON","President of the United States","Statewide","Libertarian","CHASE OLIVER","813","0","0","562","0","0","240","0","0","11","0","0"
"2024 Presidential Election","NORTHAMPTON","President of the United States","Statewide","Green Party","JILL STEIN","930","0","0","594","0","0","306","0","0","30","0","0"
"2024 Presidential Election","NORTHAMPTON","United States Senator","Statewide","Democratic","ROBERT P CASEY JR","84,762","0","0","46,234","0","0","37,234","0","0","1,294","0","0"
"2024 Presidential Election","NORTHAMPTON","United States Senator","Statewide","Republican","DAVE MCCORMICK","85,787","0","0","63,508","0","0","21,163","0","0","1,116","0","0"
"2024 Presidential Election","NORTHAMPTON","United States Senator","Statewide","Libertarian","JOHN C THOMAS","1,992","0","0","1,411","0","0","540","0","0","41","0","0"
"2024 Presidential Election","NORTHAMPTON","United States Senator","Statewide","Green Party","LEILA HAZOU","1,626","0","0","988","0","0","589","0","0","49","0","0"
"2024 Presidential Election","NORTHAMPTON","United States Senator","Statewide","Constitution Party","MARTY SELKER","448","0","0","313","0","0","120","0","0","15","0","0"
"2024 Presidential Election","NORTHAMPTON","Attorney General","Statewide","Democratic","EUGENE DEPASQUALE","79,469","0","0","43,266","0","0","34,942","0","0","1,261","0","0"
"2024 Presidential Election","NORTHAMPTON","Attorney General","Statewide","Republican","DAVE SUNDAY","87,946","0","0","64,296","0","0","22,543","0","0","1,107","0","0"
"2024 Presidential Election","NORTHAMPTON","Attorney General","Statewide","Libertarian","ROBERT COWBURN","2,027","0","0","1,464","0","0","515","0","0","48","0","0"
"2024 Presidential Election","NORTHAMPTON","Attorney General","Statewide","Green Party","RICHARD L WEISS","1,645","0","0","1,105","0","0","505","0","0","35","0","0"
"2024 Presidential Election","NORTHAMPTON","Attorney General","Statewide","Constitution Party","JUSTIN L MAGILL","512","0","0","348","0","0","146","0","0","18","0","0"
"2024 Presidential Election","NORTHAMPTON","Attorney General","Statewide","Forward Party","ERIC L SETTLE","400","0","0","235","0","0","157","0","0","8","0","0"
"2024 Presidential Election","NORTHAMPTON","Auditor General","Statewide","Democratic","MALCOLM KENYATTA","79,925","0","0","43,807","0","0","34,855","0","0","1,263","0","0"
"2024 Presidential Election","NORTHAMPTON","Auditor General","Statewide","Republican","TIM DEFOOR","87,025","0","0","63,493","0","0","22,436","0","0","1,096","0","0"
"2024 Presidential Election","NORTHAMPTON","Auditor General","Statewide","Libertarian","REECE SMITH","2,814","0","0","1,985","0","0","776","0","0","53","0","0"
"2024 Presidential Election","NORTHAMPTON","Auditor General","Statewide","American Solidarity Party","ERIC K ANTON","398","0","0","289","0","0","97","0","0","12","0","0"
"2024 Presidential Election","NORTHAMPTON","Auditor General","Statewide","Constitution Party","BOB GOODRICH","801","0","0","520","0","0","255","0","0","26","0","0"
"2024 Presidential Election","NORTHAMPTON","State Treasurer","Statewide","Democratic","ERIN MCCLELLAND","79,690","0","0","43,484","0","0","34,976","0","0","1,230","0","0"
"2024 Presidential Election","NORTHAMPTON","State Treasurer","Statewide","Republican","STACY GARRITY","87,952","0","0","64,295","0","0","22,530","0","0","1,127","0","0"
"2024 Presidential Election","NORTHAMPTON","State Treasurer","Statewide","Libertarian","NICKOLAS CIESIELSKI","2,302","0","0","1,688","0","0","562","0","0","52","0","0"
"2024 Presidential Election","NORTHAMPTON","State Treasurer","Statewide","Constitution Party","TROY BOWMAN","620","0","0","404","0","0","190","0","0","26","0","0"
"2024 Presidential Election","NORTHAMPTON","State Treasurer","Statewide","Forward Party","CHRIS FOSTER","551","0","0","308","0","0","225","0","0","18","0","0"
"2024 Presidential Election","NORTHAMPTON","Representative in Congress","7th Congressional District","Democratic","SUSAN WILD","87,589","0","0","48,071","0","0","38,138","0","0","1,380","0","0"
"2024 Presidential Election","NORTHAMPTON","Representative in Congress","7th Congressional District","Republican","RYAN E MACKENZIE","86,510","0","0","64,037","0","0","21,349","0","0","1,124","0","0"
"2024 Presidential Election","NORTHAMPTON","Representative in the General Assembly","131st Legislative District","Democratic","MERIAM SABIH","2,460","0","0","1,252","0","0","1,189","0","0","19","0","0"
"2024 Presidential Election","NORTHAMPTON","Representative in the General Assembly","131st Legislative District","Republican","MILOU MACKENZIE","2,709","0","0","1,953","0","0","729","0","0","27","0","0"
"2024 Presidential Election","NORTHAMPTON","Representative in the General Assembly","135th Legislative District","Democratic","STEVE SAMUELSON","22,656","0","0","13,768","0","0","8,453","0","0","435","0","0"
"2024 Presidential Election","NORTHAMPTON","Representative in the General Assembly","136th Legislative District","Democratic","ROBERT FREEMAN","19,607","0","0","12,065","0","0","7,067","0","0","475","0","0"
"2024 Presidential Election","NORTHAMPTON","Representative in the General Assembly","137th Legislative District","Democratic","ANNA THOMAS","19,169","0","0","9,529","0","0","9,408","0","0","232","0","0"
"2024 Presidential Election","NORTHAMPTON","Representative in the General Assembly","137th Legislative District","Republican","JOE EMRICK","20,485","0","0","13,717","0","0","6,577","0","0","191","0","0"
"2024 Presidential Election","NORTHAMPTON","Representative in the General Assembly","138th Legislative District","Democratic","JARED BITTING","13,747","0","0","7,116","0","0","6,455","0","0","176","0","0"
"2024 Presidential Election","NORTHAMPTON","Representative in the General Assembly","138th Legislative District","Republican","ANN FLOOD","25,791","0","0","19,005","0","0","6,532","0","0","254","0","0"
"2024 Presidential Election","NORTHAMPTON","Representative in the General Assembly","183rd Legislative District","Democratic","JOE LENZI","8,812","0","0","4,856","0","0","3,865","0","0","91","0","0"
"2024 Presidential Election","NORTHAMPTON","Representative in the General Assembly","183rd Legislative District","Republican","ZACH MAKO","17,120","0","0","13,179","0","0","3,749","0","0","192","0","0"
"2024 Presidential Election","NORTHUMBERLAND","President of the United States","Statewide","Democratic","KAMALA D HARRIS","12,863","0","0","8,680","0","0","4,081","0","0","102","0","0"
"2024 Presidential Election","NORTHUMBERLAND","President of the United States","Statewide","Republican","DONALD J TRUMP","30,240","0","0","25,474","0","0","4,562","0","0","204","0","0"
"2024 Presidential Election","NORTHUMBERLAND","President of the United States","Statewide","Libertarian","CHASE OLIVER","255","0","0","202","0","0","52","0","0","1","0","0"
"2024 Presidential Election","NORTHUMBERLAND","President of the United States","Statewide","Green Party","JILL STEIN","164","0","0","123","0","0","38","0","0","3","0","0"
"2024 Presidential Election","NORTHUMBERLAND","United States Senator","Statewide","Democratic","ROBERT P CASEY JR","13,432","0","0","9,203","0","0","4,123","0","0","106","0","0"
"2024 Presidential Election","NORTHUMBERLAND","United States Senator","Statewide","Republican","DAVE MCCORMICK","28,706","0","0","24,174","0","0","4,344","0","0","188","0","0"
"2024 Presidential Election","NORTHUMBERLAND","United States Senator","Statewide","Libertarian","JOHN C THOMAS","660","0","0","557","0","0","97","0","0","6","0","0"
"2024 Presidential Election","NORTHUMBERLAND","United States Senator","Statewide","Green Party","LEILA HAZOU","311","0","0","241","0","0","66","0","0","4","0","0"
"2024 Presidential Election","NORTHUMBERLAND","United States Senator","Statewide","Constitution Party","MARTY SELKER","185","0","0","149","0","0","36","0","0","0","0","0"
"2024 Presidential Election","NORTHUMBERLAND","Attorney General","Statewide","Democratic","EUGENE DEPASQUALE","12,198","0","0","8,306","0","0","3,797","0","0","95","0","0"
"2024 Presidential Election","NORTHUMBERLAND","Attorney General","Statewide","Republican","DAVE SUNDAY","29,096","0","0","24,350","0","0","4,561","0","0","185","0","0"
"2024 Presidential Election","NORTHUMBERLAND","Attorney General","Statewide","Libertarian","ROBERT COWBURN","685","0","0","587","0","0","91","0","0","7","0","0"
"2024 Presidential Election","NORTHUMBERLAND","Attorney General","Statewide","Green Party","RICHARD L WEISS","447","0","0","382","0","0","60","0","0","5","0","0"
"2024 Presidential Election","NORTHUMBERLAND","Attorney General","Statewide","Constitution Party","JUSTIN L MAGILL","271","0","0","218","0","0","52","0","0","1","0","0"
"2024 Presidential Election","NORTHUMBERLAND","Attorney General","Statewide","Forward Party","ERIC L SETTLE","97","0","0","78","0","0","17","0","0","2","0","0"
"2024 Presidential Election","NORTHUMBERLAND","Auditor General","Statewide","Democratic","MALCOLM KENYATTA","11,555","0","0","7,809","0","0","3,651","0","0","95","0","0"
"2024 Presidential Election","NORTHUMBERLAND","Auditor General","Statewide","Republican","TIM DEFOOR","29,397","0","0","24,591","0","0","4,624","0","0","182","0","0"
"2024 Presidential Election","NORTHUMBERLAND","Auditor General","Statewide","Libertarian","REECE SMITH","881","0","0","730","0","0","142","0","0","9","0","0"
"2024 Presidential Election","NORTHUMBERLAND","Auditor General","Statewide","American Solidarity Party","ERIC K ANTON","152","0","0","134","0","0","18","0","0","0","0","0"
"2024 Presidential Election","NORTHUMBERLAND","Auditor General","Statewide","Constitution Party","BOB GOODRICH","525","0","0","439","0","0","78","0","0","8","0","0"
"2024 Presidential Election","NORTHUMBERLAND","State Treasurer","Statewide","Democratic","ERIN MCCLELLAND","11,478","0","0","7,743","0","0","3,637","0","0","98","0","0"
"2024 Presidential Election","NORTHUMBERLAND","State Treasurer","Statewide","Republican","STACY GARRITY","29,946","0","0","25,060","0","0","4,697","0","0","189","0","0"
"2024 Presidential Election","NORTHUMBERLAND","State Treasurer","Statewide","Libertarian","NICKOLAS CIESIELSKI","665","0","0","557","0","0","101","0","0","7","0","0"
"2024 Presidential Election","NORTHUMBERLAND","State Treasurer","Statewide","Constitution Party","TROY BOWMAN","374","0","0","311","0","0","61","0","0","2","0","0"
"2024 Presidential Election","NORTHUMBERLAND","State Treasurer","Statewide","Forward Party","CHRIS FOSTER","196","0","0","146","0","0","48","0","0","2","0","0"
"2024 Presidential Election","NORTHUMBERLAND","Representative in Congress","9th Congressional District","Democratic","AMANDA WALDMAN","12,170","0","0","8,257","0","0","3,813","0","0","100","0","0"
"2024 Presidential Election","NORTHUMBERLAND","Representative in Congress","9th Congressional District","Republican","DAN MEUSER","30,779","0","0","25,809","0","0","4,775","0","0","195","0","0"
"2024 Presidential Election","NORTHUMBERLAND","Senator in the General Assembly","27th Senatorial District","Democratic","PATRICIA LAWTON","10,120","0","0","6,828","0","0","3,205","0","0","87","0","0"
"2024 Presidential Election","NORTHUMBERLAND","Senator in the General Assembly","27th Senatorial District","Republican","LYNDA J SCHLEGEL CULVER","32,834","0","0","27,230","0","0","5,397","0","0","207","0","0"
"2024 Presidential Election","NORTHUMBERLAND","Representative in the General Assembly","107th Legislative District","Republican","JOANNE STEHR","17,384","0","0","14,432","0","0","2,848","0","0","104","0","0"
"2024 Presidential Election","NORTHUMBERLAND","Representative in the General Assembly","108th Legislative District","Republican","MICHAEL STENDER","19,919","0","0","16,134","0","0","3,650","0","0","135","0","0"
"2024 Presidential Election","PERRY","President of the United States","Statewide","Democratic","KAMALA D HARRIS","6,385","0","0","4,064","0","0","2,292","0","0","29","0","0"
"2024 Presidential Election","PERRY","President of the United States","Statewide","Republican","DONALD J TRUMP","19,073","0","0","16,146","0","0","2,872","0","0","55","0","0"
"2024 Presidential Election","PERRY","President of the United States","Statewide","Libertarian","CHASE OLIVER","164","0","0","144","0","0","20","0","0","0","0","0"
"2024 Presidential Election","PERRY","President of the United States","Statewide","Green Party","JILL STEIN","103","0","0","83","0","0","20","0","0","0","0","0"
"2024 Presidential Election","PERRY","United States Senator","Statewide","Democratic","ROBERT P CASEY JR","6,470","0","0","4,156","0","0","2,285","0","0","29","0","0"
"2024 Presidential Election","PERRY","United States Senator","Statewide","Republican","DAVE MCCORMICK","18,355","0","0","15,523","0","0","2,783","0","0","49","0","0"
"2024 Presidential Election","PERRY","United States Senator","Statewide","Libertarian","JOHN C THOMAS","471","0","0","395","0","0","74","0","0","2","0","0"
"2024 Presidential Election","PERRY","United States Senator","Statewide","Green Party","LEILA HAZOU","230","0","0","180","0","0","49","0","0","1","0","0"
"2024 Presidential Election","PERRY","United States Senator","Statewide","Constitution Party","MARTY SELKER","154","0","0","129","0","0","25","0","0","0","0","0"
"2024 Presidential Election","PERRY","Attorney General","Statewide","Democratic","EUGENE DEPASQUALE","5,991","0","0","3,850","0","0","2,115","0","0","26","0","0"
"2024 Presidential Election","PERRY","Attorney General","Statewide","Republican","DAVE SUNDAY","18,809","0","0","15,817","0","0","2,941","0","0","51","0","0"
"2024 Presidential Election","PERRY","Attorney General","Statewide","Libertarian","ROBERT COWBURN","384","0","0","336","0","0","46","0","0","2","0","0"
"2024 Presidential Election","PERRY","Attorney General","Statewide","Green Party","RICHARD L WEISS","172","0","0","135","0","0","35","0","0","2","0","0"
"2024 Presidential Election","PERRY","Attorney General","Statewide","Constitution Party","JUSTIN L MAGILL","197","0","0","172","0","0","25","0","0","0","0","0"
"2024 Presidential Election","PERRY","Attorney General","Statewide","Forward Party","ERIC L SETTLE","52","0","0","32","0","0","20","0","0","0","0","0"
"2024 Presidential Election","PERRY","Auditor General","Statewide","Democratic","MALCOLM KENYATTA","5,309","0","0","3,309","0","0","1,973","0","0","27","0","0"
"2024 Presidential Election","PERRY","Auditor General","Statewide","Republican","TIM DEFOOR","19,090","0","0","16,035","0","0","3,004","0","0","51","0","0"
"2024 Presidential Election","PERRY","Auditor General","Statewide","Libertarian","REECE SMITH","524","0","0","435","0","0","88","0","0","1","0","0"
"2024 Presidential Election","PERRY","Auditor General","Statewide","American Solidarity Party","ERIC K ANTON","74","0","0","53","0","0","20","0","0","1","0","0"
"2024 Presidential Election","PERRY","Auditor General","Statewide","Constitution Party","BOB GOODRICH","263","0","0","214","0","0","48","0","0","1","0","0"
"2024 Presidential Election","PERRY","State Treasurer","Statewide","Democratic","ERIN MCCLELLAND","5,259","0","0","3,258","0","0","1,977","0","0","24","0","0"
"2024 Presidential Election","PERRY","State Treasurer","Statewide","Republican","STACY GARRITY","19,284","0","0","16,202","0","0","3,030","0","0","52","0","0"
"2024 Presidential Election","PERRY","State Treasurer","Statewide","Libertarian","NICKOLAS CIESIELSKI","411","0","0","356","0","0","52","0","0","3","0","0"
"2024 Presidential Election","PERRY","State Treasurer","Statewide","Constitution Party","TROY BOWMAN","207","0","0","172","0","0","34","0","0","1","0","0"
"2024 Presidential Election","PERRY","State Treasurer","Statewide","Forward Party","CHRIS FOSTER","85","0","0","57","0","0","28","0","0","0","0","0"
"2024 Presidential Election","PERRY","Representative in Congress","13th Congressional District","Democratic","BETH FARNHAM","6,035","0","0","3,843","0","0","2,164","0","0","28","0","0"
"2024 Presidential Election","PERRY","Representative in Congress","13th Congressional District","Republican","JOHN JOYCE","19,169","0","0","16,154","0","0","2,963","0","0","52","0","0"
"2024 Presidential Election","PERRY","Representative in the General Assembly","86th Legislative District","Republican","PERRY A STAMBAUGH","21,337","0","0","17,554","0","0","3,721","0","0","62","0","0"
"2024 Presidential Election","PHILADELPHIA","President of the United States","Statewide","Democratic","KAMALA D HARRIS","568,571","0","0","388,223","0","0","170,390","0","0","9,958","0","0"
"2024 Presidential Election","PHILADELPHIA","President of the United States","Statewide","Republican","DONALD J TRUMP","144,311","0","0","118,451","0","0","23,922","0","0","1,938","0","0"
"2024 Presidential Election","PHILADELPHIA","President of the United States","Statewide","Libertarian","CHASE OLIVER","2,326","0","0","1,766","0","0","517","0","0","43","0","0"
"2024 Presidential Election","PHILADELPHIA","President of the United States","Statewide","Green Party","JILL STEIN","6,233","0","0","4,482","0","0","1,627","0","0","124","0","0"
"2024 Presidential Election","PHILADELPHIA","United States Senator","Statewide","Democratic","ROBERT P CASEY JR","541,567","0","0","366,221","0","0","166,272","0","0","9,074","0","0"
"2024 Presidential Election","PHILADELPHIA","United States Senator","Statewide","Republican","DAVE MCCORMICK","129,098","0","0","104,849","0","0","22,601","0","0","1,648","0","0"
"2024 Presidential Election","PHILADELPHIA","United States Senator","Statewide","Libertarian","JOHN C THOMAS","6,524","0","0","4,813","0","0","1,512","0","0","199","0","0"
"2024 Presidential Election","PHILADELPHIA","United States Senator","Statewide","Green Party","LEILA HAZOU","11,930","0","0","7,847","0","0","3,754","0","0","329","0","0"
"2024 Presidential Election","PHILADELPHIA","United States Senator","Statewide","Constitution Party","MARTY SELKER","1,197","0","0","786","0","0","366","0","0","45","0","0"
"2024 Presidential Election","PHILADELPHIA","Attorney General","Statewide","Democratic","EUGENE DEPASQUALE","517,964","0","0","350,968","0","0","158,182","0","0","8,814","0","0"
"2024 Presidential Election","PHILADELPHIA","Attorney General","Statewide","Republican","DAVE SUNDAY","136,844","0","0","108,439","0","0","26,752","0","0","1,653","0","0"
"2024 Presidential Election","PHILADELPHIA","Attorney General","Statewide","Libertarian","ROBERT COWBURN","6,008","0","0","4,531","0","0","1,284","0","0","193","0","0"
"2024 Presidential Election","PHILADELPHIA","Attorney General","Statewide","Green Party","RICHARD L WEISS","11,496","0","0","8,148","0","0","3,046","0","0","302","0","0"
"2024 Presidential Election","PHILADELPHIA","Attorney General","Statewide","Constitution Party","JUSTIN L MAGILL","1,565","0","0","1,019","0","0","479","0","0","67","0","0"
"2024 Presidential Election","PHILADELPHIA","Attorney General","Statewide","Forward Party","ERIC L SETTLE","2,072","0","0","1,290","0","0","729","0","0","53","0","0"
"2024 Presidential Election","PHILADELPHIA","Auditor General","Statewide","Democratic","MALCOLM KENYATTA","531,616","0","0","363,287","0","0","159,926","0","0","8,403","0","0"
"2024 Presidential Election","PHILADELPHIA","Auditor General","Statewide","Republican","TIM DEFOOR","129,936","0","0","103,717","0","0","24,846","0","0","1,373","0","0"
"2024 Presidential Election","PHILADELPHIA","Auditor General","Statewide","Libertarian","REECE SMITH","8,462","0","0","6,308","0","0","1,962","0","0","192","0","0"
"2024 Presidential Election","PHILADELPHIA","Auditor General","Statewide","American Solidarity Party","ERIC K ANTON","1,602","0","0","1,008","0","0","517","0","0","77","0","0"
"2024 Presidential Election","PHILADELPHIA","Auditor General","Statewide","Constitution Party","BOB GOODRICH","2,325","0","0","1,550","0","0","720","0","0","55","0","0"
"2024 Presidential Election","PHILADELPHIA","State Treasurer","Statewide","Democratic","ERIN MCCLELLAND","523,136","0","0","356,109","0","0","158,908","0","0","8,119","0","0"
"2024 Presidential Election","PHILADELPHIA","State Treasurer","Statewide","Republican","STACY GARRITY","133,516","0","0","107,143","0","0","24,883","0","0","1,490","0","0"
"2024 Presidential Election","PHILADELPHIA","State Treasurer","Statewide","Libertarian","NICKOLAS CIESIELSKI","7,579","0","0","5,801","0","0","1,597","0","0","181","0","0"
"2024 Presidential Election","PHILADELPHIA","State Treasurer","Statewide","Constitution Party","TROY BOWMAN","2,157","0","0","1,364","0","0","691","0","0","102","0","0"
"2024 Presidential Election","PHILADELPHIA","State Treasurer","Statewide","Forward Party","CHRIS FOSTER","2,972","0","0","1,786","0","0","1,099","0","0","87","0","0"
"2024 Presidential Election","PHILADELPHIA","Representative in Congress","2nd Congressional District","Democratic","BRENDAN F BOYLE","193,691","0","0","135,110","0","0","56,031","0","0","2,550","0","0"
"2024 Presidential Election","PHILADELPHIA","Representative in Congress","2nd Congressional District","Republican","AARON BASHIR","77,355","0","0","63,806","0","0","12,722","0","0","827","0","0"
"2024 Presidential Election","PHILADELPHIA","Representative in Congress","3rd Congressional District","Democratic","DWIGHT EVANS","340,223","0","0","228,435","0","0","106,889","0","0","4,899","0","0"
"2024 Presidential Election","PHILADELPHIA","Representative in Congress","5th Congressional District","Democratic","MARY GAY SCANLON","21,700","0","0","15,542","0","0","5,922","0","0","236","0","0"
"2024 Presidential Election","PHILADELPHIA","Representative in Congress","5th Congressional District","Republican","ALFEIA GOODWIN","7,563","0","0","6,495","0","0","1,023","0","0","45","0","0"
"2024 Presidential Election","PHILADELPHIA","Senator in the General Assembly","1st Senatorial District","Democratic","NIKIL SAVAL","109,193","0","0","67,901","0","0","40,254","0","0","1,038","0","0"
"2024 Presidential Election","PHILADELPHIA","Senator in the General Assembly","3rd Senatorial District","Democratic","SHARIF STREET","90,329","0","0","67,047","0","0","22,022","0","0","1,260","0","0"
"2024 Presidential Election","PHILADELPHIA","Senator in the General Assembly","5th Senatorial District","Democratic","JIMMY DILLON","49,735","0","0","32,976","0","0","16,300","0","0","459","0","0"
"2024 Presidential Election","PHILADELPHIA","Senator in the General Assembly","5th Senatorial District","Republican","JOE PICOZZI","50,570","0","0","41,171","0","0","8,965","0","0","434","0","0"
"2024 Presidential Election","PHILADELPHIA","Senator in the General Assembly","7th Senatorial District","Democratic","VINCENT HUGHES","98,527","0","0","69,367","0","0","27,973","0","0","1,187","0","0"
"2024 Presidential Election","PHILADELPHIA","Representative in the General Assembly","10th Legislative District","Democratic","AMEN BROWN","22,919","0","0","16,202","0","0","6,428","0","0","289","0","0"
"2024 Presidential Election","PHILADELPHIA","Representative in the General Assembly","170th Legislative District","Republican","MARTINA WHITE","19,768","0","0","15,178","0","0","4,487","0","0","103","0","0"
"2024 Presidential Election","PHILADELPHIA","Representative in the General Assembly","172nd Legislative District","Democratic","SEAN DOUGHERTY","12,836","0","0","8,177","0","0","4,517","0","0","142","0","0"
"2024 Presidential Election","PHILADELPHIA","Representative in the General Assembly","172nd Legislative District","Republican","AIZAZ GILL","12,340","0","0","9,779","0","0","2,430","0","0","131","0","0"
"2024 Presidential Election","PHILADELPHIA","Representative in the General Assembly","173rd Legislative District","Democratic","PAT GALLAGHER","13,374","0","0","9,213","0","0","4,040","0","0","121","0","0"
"2024 Presidential Election","PHILADELPHIA","Representative in the General Assembly","174th Legislative District","Democratic","ED NEILSON","15,011","0","0","9,934","0","0","4,941","0","0","136","0","0"
"2024 Presidential Election","PHILADELPHIA","Representative in the General Assembly","175th Legislative District","Democratic","MARYLOUISE ISAACSON","29,976","0","0","18,604","0","0","11,071","0","0","301","0","0"
"2024 Presidential Election","PHILADELPHIA","Representative in the General Assembly","177th Legislative District","Democratic","JOE HOHENSTEIN","17,234","0","0","12,927","0","0","4,163","0","0","144","0","0"
"2024 Presidential Election","PHILADELPHIA","Representative in the General Assembly","179th Legislative District","Democratic","JASON DAWKINS","14,583","0","0","11,501","0","0","2,903","0","0","179","0","0"
"2024 Presidential Election","PHILADELPHIA","Representative in the General Assembly","180th Legislative District","Democratic","JOSE A GIRAL","11,487","0","0","9,295","0","0","2,038","0","0","154","0","0"
"2024 Presidential Election","PHILADELPHIA","Representative in the General Assembly","181st Legislative District","Democratic","MALCOLM KENYATTA","23,165","0","0","16,468","0","0","6,370","0","0","327","0","0"
"2024 Presidential Election","PHILADELPHIA","Representative in the General Assembly","182nd Legislative District","Democratic","BEN WAXMAN","32,994","0","0","19,412","0","0","13,290","0","0","292","0","0"
"2024 Presidential Election","PHILADELPHIA","Representative in the General Assembly","184th Legislative District","Democratic","ELIZABETH FIEDLER","20,306","0","0","13,695","0","0","6,455","0","0","156","0","0"
"2024 Presidential Election","PHILADELPHIA","Representative in the General Assembly","185th Legislative District","Democratic","REGINA G YOUNG","17,379","0","0","12,748","0","0","4,475","0","0","156","0","0"
"2024 Presidential Election","PHILADELPHIA","Representative in the General Assembly","186th Legislative District","Democratic","JORDAN A HARRIS","27,658","0","0","19,018","0","0","8,412","0","0","228","0","0"
"2024 Presidential Election","PHILADELPHIA","Representative in the General Assembly","188th Legislative District","Democratic","RICK KRAJEWSKI","26,408","0","0","18,509","0","0","7,600","0","0","299","0","0"
"2024 Presidential Election","PHILADELPHIA","Representative in the General Assembly","190th Legislative District","Democratic","RONI GREEN","24,492","0","0","18,440","0","0","5,790","0","0","262","0","0"
"2024 Presidential Election","PHILADELPHIA","Representative in the General Assembly","191st Legislative District","Democratic","JOANNA E MCCLINTON","14,846","0","0","11,075","0","0","3,595","0","0","176","0","0"
"2024 Presidential Election","PHILADELPHIA","Representative in the General Assembly","192nd Legislative District","Democratic","MORGAN CEPHAS","26,635","0","0","19,324","0","0","7,012","0","0","299","0","0"
"2024 Presidential Election","PHILADELPHIA","Representative in the General Assembly","194th Legislative District","Democratic","TARIK KHAN","29,784","0","0","19,106","0","0","10,406","0","0","272","0","0"
"2024 Presidential Election","PHILADELPHIA","Representative in the General Assembly","195th Legislative District","Democratic","KEITH S HARRIS","26,653","0","0","19,134","0","0","7,200","0","0","319","0","0"
"2024 Presidential Election","PHILADELPHIA","Representative in the General Assembly","197th Legislative District","Democratic","DANILO BURGOS","16,952","0","0","13,447","0","0","3,315","0","0","190","0","0"
"2024 Presidential Election","PHILADELPHIA","Representative in the General Assembly","198th Legislative District","Democratic","DARISHA K PARKER","23,842","0","0","17,500","0","0","6,056","0","0","286","0","0"
"2024 Presidential Election","PHILADELPHIA","Representative in the General Assembly","200th Legislative District","Democratic","CHRIS RABB","35,743","0","0","23,307","0","0","12,121","0","0","315","0","0"
"2024 Presidential Election","PHILADELPHIA","Representative in the General Assembly","201st Legislative District","Democratic","ANDRE D CARROLL","26,154","0","0","19,072","0","0","6,688","0","0","394","0","0"
"2024 Presidential Election","PHILADELPHIA","Representative in the General Assembly","202nd Legislative District","Democratic","JARED SOLOMON","10,586","0","0","7,731","0","0","2,742","0","0","113","0","0"
"2024 Presidential Election","PHILADELPHIA","Representative in the General Assembly","203rd Legislative District","Democratic","ANTHONY BELLMON","17,389","0","0","13,022","0","0","4,160","0","0","207","0","0"
"2024 Presidential Election","PIKE","President of the United States","Statewide","Democratic","KAMALA D HARRIS","13,132","0","0","5,881","0","0","7,120","0","0","131","0","0"
"2024 Presidential Election","PIKE","President of the United States","Statewide","Republican","DONALD J TRUMP","21,537","0","0","13,594","0","0","7,710","0","0","233","0","0"
"2024 Presidential Election","PIKE","President of the United States","Statewide","Libertarian","CHASE OLIVER","137","0","0","87","0","0","50","0","0","0","0","0"
"2024 Presidential Election","PIKE","President of the United States","Statewide","Green Party","JILL STEIN","144","0","0","77","0","0","66","0","0","1","0","0"
"2024 Presidential Election","PIKE","United States Senator","Statewide","Democratic","ROBERT P CASEY JR","12,909","0","0","5,781","0","0","6,999","0","0","129","0","0"
"2024 Presidential Election","PIKE","United States Senator","Statewide","Republican","DAVE MCCORMICK","20,869","0","0","13,090","0","0","7,559","0","0","220","0","0"
"2024 Presidential Election","PIKE","United States Senator","Statewide","Libertarian","JOHN C THOMAS","398","0","0","294","0","0","99","0","0","5","0","0"
"2024 Presidential Election","PIKE","United States Senator","Statewide","Green Party","LEILA HAZOU","300","0","0","173","0","0","123","0","0","4","0","0"
"2024 Presidential Election","PIKE","United States Senator","Statewide","Constitution Party","MARTY SELKER","133","0","0","93","0","0","40","0","0","0","0","0"
"2024 Presidential Election","PIKE","Attorney General","Statewide","Democratic","EUGENE DEPASQUALE","12,437","0","0","5,570","0","0","6,743","0","0","124","0","0"
"2024 Presidential Election","PIKE","Attorney General","Statewide","Republican","DAVE SUNDAY","20,660","0","0","12,870","0","0","7,577","0","0","213","0","0"
"2024 Presidential Election","PIKE","Attorney General","Statewide","Libertarian","ROBERT COWBURN","486","0","0","371","0","0","108","0","0","7","0","0"
"2024 Presidential Election","PIKE","Attorney General","Statewide","Green Party","RICHARD L WEISS","331","0","0","218","0","0","108","0","0","5","0","0"
"2024 Presidential Election","PIKE","Attorney General","Statewide","Constitution Party","JUSTIN L MAGILL","222","0","0","154","0","0","64","0","0","4","0","0"
"2024 Presidential Election","PIKE","Attorney General","Statewide","Forward Party","ERIC L SETTLE","92","0","0","68","0","0","23","0","0","1","0","0"
"2024 Presidential Election","PIKE","Auditor General","Statewide","Democratic","MALCOLM KENYATTA","12,150","0","0","5,440","0","0","6,595","0","0","115","0","0"
"2024 Presidential Election","PIKE","Auditor General","Statewide","Republican","TIM DEFOOR","20,791","0","0","12,881","0","0","7,694","0","0","216","0","0"
"2024 Presidential Election","PIKE","Auditor General","Statewide","Libertarian","REECE SMITH","601","0","0","444","0","0","146","0","0","11","0","0"
"2024 Presidential Election","PIKE","Auditor General","Statewide","American Solidarity Party","ERIC K ANTON","112","0","0","85","0","0","25","0","0","2","0","0"
"2024 Presidential Election","PIKE","Auditor General","Statewide","Constitution Party","BOB GOODRICH","368","0","0","257","0","0","105","0","0","6","0","0"
"2024 Presidential Election","PIKE","State Treasurer","Statewide","Democratic","ERIN MCCLELLAND","12,148","0","0","5,448","0","0","6,583","0","0","117","0","0"
"2024 Presidential Election","PIKE","State Treasurer","Statewide","Republican","STACY GARRITY","21,060","0","0","13,113","0","0","7,725","0","0","222","0","0"
"2024 Presidential Election","PIKE","State Treasurer","Statewide","Libertarian","NICKOLAS CIESIELSKI","482","0","0","350","0","0","121","0","0","11","0","0"
"2024 Presidential Election","PIKE","State Treasurer","Statewide","Constitution Party","TROY BOWMAN","251","0","0","159","0","0","89","0","0","3","0","0"
"2024 Presidential Election","PIKE","State Treasurer","Statewide","Forward Party","CHRIS FOSTER","124","0","0","80","0","0","43","0","0","1","0","0"
"2024 Presidential Election","PIKE","Representative in Congress","8th Congressional District","Democratic","MATT CARTWRIGHT","13,773","0","0","6,361","0","0","7,280","0","0","132","0","0"
"2024 Presidential Election","PIKE","Representative in Congress","8th Congressional District","Republican","ROB BRESNAHAN JR","20,727","0","0","13,019","0","0","7,486","0","0","222","0","0"
"2024 Presidential Election","PIKE","Representative in the General Assembly","139th Legislative District","Democratic","ROBIN SCHOOLEY SKIBBER","8,511","0","0","3,691","0","0","4,754","0","0","66","0","0"
"2024 Presidential Election","PIKE","Representative in the General Assembly","139th Legislative District","Republican","JEFF OLSOMMER","16,143","0","0","9,945","0","0","6,037","0","0","161","0","0"
"2024 Presidential Election","PIKE","Representative in the General Assembly","189th Legislative District","Democratic","TARAH PROBST","4,492","0","0","2,266","0","0","2,164","0","0","62","0","0"
"2024 Presidential Election","PIKE","Representative in the General Assembly","189th Legislative District","Republican","LISA VANWHY","5,015","0","0","3,362","0","0","1,606","0","0","47","0","0"
"2024 Presidential Election","POTTER","President of the United States","Statewide","Democratic","KAMALA D HARRIS","1,675","0","0","1,054","0","0","617","0","0","4","0","0"
"2024 Presidential Election","POTTER","President of the United States","Statewide","Republican","DONALD J TRUMP","7,334","0","0","6,123","0","0","1,194","0","0","17","0","0"
"2024 Presidential Election","POTTER","President of the United States","Statewide","Libertarian","CHASE OLIVER","56","0","0","52","0","0","4","0","0","0","0","0"
"2024 Presidential Election","POTTER","President of the United States","Statewide","Green Party","JILL STEIN","20","0","0","15","0","0","5","0","0","0","0","0"
"2024 Presidential Election","POTTER","United States Senator","Statewide","Democratic","ROBERT P CASEY JR","1,695","0","0","1,094","0","0","597","0","0","4","0","0"
"2024 Presidential Election","POTTER","United States Senator","Statewide","Republican","DAVE MCCORMICK","7,109","0","0","5,910","0","0","1,183","0","0","16","0","0"
"2024 Presidential Election","POTTER","United States Senator","Statewide","Libertarian","JOHN C THOMAS","148","0","0","133","0","0","15","0","0","0","0","0"
"2024 Presidential Election","POTTER","United States Senator","Statewide","Green Party","LEILA HAZOU","51","0","0","43","0","0","7","0","0","1","0","0"
"2024 Presidential Election","POTTER","United States Senator","Statewide","Constitution Party","MARTY SELKER","52","0","0","38","0","0","14","0","0","0","0","0"
"2024 Presidential Election","POTTER","Attorney General","Statewide","Democratic","EUGENE DEPASQUALE","1,505","0","0","937","0","0","564","0","0","4","0","0"
"2024 Presidential Election","POTTER","Attorney General","Statewide","Republican","DAVE SUNDAY","7,120","0","0","5,934","0","0","1,171","0","0","15","0","0"
"2024 Presidential Election","POTTER","Attorney General","Statewide","Libertarian","ROBERT COWBURN","181","0","0","158","0","0","21","0","0","2","0","0"
"2024 Presidential Election","POTTER","Attorney General","Statewide","Green Party","RICHARD L WEISS","51","0","0","43","0","0","8","0","0","0","0","0"
"2024 Presidential Election","POTTER","Attorney General","Statewide","Constitution Party","JUSTIN L MAGILL","56","0","0","46","0","0","10","0","0","0","0","0"
"2024 Presidential Election","POTTER","Attorney General","Statewide","Forward Party","ERIC L SETTLE","13","0","0","11","0","0","2","0","0","0","0","0"
"2024 Presidential Election","POTTER","Auditor General","Statewide","Democratic","MALCOLM KENYATTA","1,468","0","0","905","0","0","559","0","0","4","0","0"
"2024 Presidential Election","POTTER","Auditor General","Statewide","Republican","TIM DEFOOR","7,173","0","0","5,982","0","0","1,178","0","0","13","0","0"
"2024 Presidential Election","POTTER","Auditor General","Statewide","Libertarian","REECE SMITH","128","0","0","115","0","0","13","0","0","0","0","0"
"2024 Presidential Election","POTTER","Auditor General","Statewide","American Solidarity Party","ERIC K ANTON","21","0","0","21","0","0","0","0","0","0","0","0"
"2024 Presidential Election","POTTER","Auditor General","Statewide","Constitution Party","BOB GOODRICH","113","0","0","89","0","0","22","0","0","2","0","0"
"2024 Presidential Election","POTTER","State Treasurer","Statewide","Democratic","ERIN MCCLELLAND","1,462","0","0","912","0","0","546","0","0","4","0","0"
"2024 Presidential Election","POTTER","State Treasurer","Statewide","Republican","STACY GARRITY","7,253","0","0","6,041","0","0","1,198","0","0","14","0","0"
"2024 Presidential Election","POTTER","State Treasurer","Statewide","Libertarian","NICKOLAS CIESIELSKI","97","0","0","87","0","0","10","0","0","0","0","0"
"2024 Presidential Election","POTTER","State Treasurer","Statewide","Constitution Party","TROY BOWMAN","88","0","0","73","0","0","14","0","0","1","0","0"
"2024 Presidential Election","POTTER","State Treasurer","Statewide","Forward Party","CHRIS FOSTER","27","0","0","22","0","0","5","0","0","0","0","0"
"2024 Presidential Election","POTTER","Representative in Congress","15th Congressional District","Democratic","ZACH WOMER","1,468","0","0","913","0","0","551","0","0","4","0","0"
"2024 Presidential Election","POTTER","Representative in Congress","15th Congressional District","Republican","GLENN GT THOMPSON","7,525","0","0","6,257","0","0","1,251","0","0","17","0","0"
"2024 Presidential Election","POTTER","Senator in the General Assembly","25th Senatorial District","Democratic","WILLIAM MCGILL","1,575","0","0","1,004","0","0","567","0","0","4","0","0"
"2024 Presidential Election","POTTER","Senator in the General Assembly","25th Senatorial District","Republican","CRIS DUSH","7,376","0","0","6,155","0","0","1,206","0","0","15","0","0"
"2024 Presidential Election","POTTER","Representative in the General Assembly","67th Legislative District","Democratic","RAJEEV PRADHAN","1,242","0","0","755","0","0","483","0","0","4","0","0"
"2024 Presidential Election","POTTER","Representative in the General Assembly","67th Legislative District","Republican","MARTIN T CAUSER","7,758","0","0","6,444","0","0","1,297","0","0","17","0","0"
"2024 Presidential Election","SCHUYLKILL","President of the United States","Statewide","Democratic","KAMALA D HARRIS","20,882","0","0","13,674","0","0","7,072","0","0","136","0","0"
"2024 Presidential Election","SCHUYLKILL","President of the United States","Statewide","Republican","DONALD J TRUMP","51,665","0","0","43,942","0","0","7,502","0","0","221","0","0"
"2024 Presidential Election","SCHUYLKILL","President of the United States","Statewide","Libertarian","CHASE OLIVER","369","0","0","296","0","0","73","0","0","0","0","0"
"2024 Presidential Election","SCHUYLKILL","President of the United States","Statewide","Green Party","JILL STEIN","268","0","0","200","0","0","68","0","0","0","0","0"
"2024 Presidential Election","SCHUYLKILL","United States Senator","Statewide","Democratic","ROBERT P CASEY JR","22,224","0","0","14,897","0","0","7,186","0","0","141","0","0"
"2024 Presidential Election","SCHUYLKILL","United States Senator","Statewide","Republican","DAVE MCCORMICK","48,553","0","0","41,259","0","0","7,094","0","0","200","0","0"
"2024 Presidential Election","SCHUYLKILL","United States Senator","Statewide","Libertarian","JOHN C THOMAS","1,220","0","0","1,011","0","0","204","0","0","5","0","0"
"2024 Presidential Election","SCHUYLKILL","United States Senator","Statewide","Green Party","LEILA HAZOU","533","0","0","399","0","0","129","0","0","5","0","0"
"2024 Presidential Election","SCHUYLKILL","United States Senator","Statewide","Constitution Party","MARTY SELKER","310","0","0","261","0","0","48","0","0","1","0","0"
"2024 Presidential Election","SCHUYLKILL","Attorney General","Statewide","Democratic","EUGENE DEPASQUALE","20,411","0","0","13,685","0","0","6,601","0","0","125","0","0"
"2024 Presidential Election","SCHUYLKILL","Attorney General","Statewide","Republican","DAVE SUNDAY","49,311","0","0","41,639","0","0","7,471","0","0","201","0","0"
"2024 Presidential Election","SCHUYLKILL","Attorney General","Statewide","Libertarian","ROBERT COWBURN","1,190","0","0","999","0","0","181","0","0","10","0","0"
"2024 Presidential Election","SCHUYLKILL","Attorney General","Statewide","Green Party","RICHARD L WEISS","665","0","0","526","0","0","136","0","0","3","0","0"
"2024 Presidential Election","SCHUYLKILL","Attorney General","Statewide","Constitution Party","JUSTIN L MAGILL","461","0","0","379","0","0","78","0","0","4","0","0"
"2024 Presidential Election","SCHUYLKILL","Attorney General","Statewide","Forward Party","ERIC L SETTLE","172","0","0","127","0","0","44","0","0","1","0","0"
"2024 Presidential Election","SCHUYLKILL","Auditor General","Statewide","Democratic","MALCOLM KENYATTA","19,239","0","0","12,643","0","0","6,470","0","0","126","0","0"
"2024 Presidential Election","SCHUYLKILL","Auditor General","Statewide","Republican","TIM DEFOOR","49,457","0","0","41,753","0","0","7,501","0","0","203","0","0"
"2024 Presidential Election","SCHUYLKILL","Auditor General","Statewide","Libertarian","REECE SMITH","1,599","0","0","1,321","0","0","270","0","0","8","0","0"
"2024 Presidential Election","SCHUYLKILL","Auditor General","Statewide","American Solidarity Party","ERIC K ANTON","286","0","0","252","0","0","32","0","0","2","0","0"
"2024 Presidential Election","SCHUYLKILL","Auditor General","Statewide","Constitution Party","BOB GOODRICH","1,055","0","0","895","0","0","153","0","0","7","0","0"
"2024 Presidential Election","SCHUYLKILL","State Treasurer","Statewide","Democratic","ERIN MCCLELLAND","19,323","0","0","12,717","0","0","6,476","0","0","130","0","0"
"2024 Presidential Election","SCHUYLKILL","State Treasurer","Statewide","Republican","STACY GARRITY","50,406","0","0","42,562","0","0","7,641","0","0","203","0","0"
"2024 Presidential Election","SCHUYLKILL","State Treasurer","Statewide","Libertarian","NICKOLAS CIESIELSKI","1,252","0","0","1,046","0","0","199","0","0","7","0","0"
"2024 Presidential Election","SCHUYLKILL","State Treasurer","Statewide","Constitution Party","TROY BOWMAN","640","0","0","546","0","0","92","0","0","2","0","0"
"2024 Presidential Election","SCHUYLKILL","State Treasurer","Statewide","Forward Party","CHRIS FOSTER","277","0","0","220","0","0","54","0","0","3","0","0"
"2024 Presidential Election","SCHUYLKILL","Representative in Congress","9th Congressional District","Democratic","AMANDA WALDMAN","20,206","0","0","13,363","0","0","6,710","0","0","133","0","0"
"2024 Presidential Election","SCHUYLKILL","Representative in Congress","9th Congressional District","Republican","DAN MEUSER","52,039","0","0","43,988","0","0","7,837","0","0","214","0","0"
"2024 Presidential Election","SCHUYLKILL","Senator in the General Assembly","29th Senatorial District","Democratic","JOHN ZUGAREK","16,330","0","0","10,501","0","0","5,717","0","0","112","0","0"
"2024 Presidential Election","SCHUYLKILL","Senator in the General Assembly","29th Senatorial District","Republican","DAVE ARGALL","51,678","0","0","43,220","0","0","8,244","0","0","214","0","0"
"2024 Presidential Election","SCHUYLKILL","Senator in the General Assembly","29th Senatorial District","Libertarian","TIMOTHY HENNING","2,501","0","0","2,128","0","0","365","0","0","8","0","0"
"2024 Presidential Election","SCHUYLKILL","Representative in the General Assembly","107th Legislative District","Republican","JOANNE STEHR","10,745","0","0","9,119","0","0","1,593","0","0","33","0","0"
"2024 Presidential Election","SCHUYLKILL","Representative in the General Assembly","116th Legislative District","Democratic","DEBORAH ADOFF","1,775","0","0","1,202","0","0","555","0","0","18","0","0"
"2024 Presidential Election","SCHUYLKILL","Representative in the General Assembly","116th Legislative District","Republican","DANE WATRO","5,916","0","0","4,947","0","0","926","0","0","43","0","0"
"2024 Presidential Election","SCHUYLKILL","Representative in the General Assembly","123rd Legislative District","Democratic","MICHAEL ZVALAREN","8,686","0","0","5,773","0","0","2,842","0","0","71","0","0"
"2024 Presidential Election","SCHUYLKILL","Representative in the General Assembly","123rd Legislative District","Republican","TIM TWARDZIK","23,371","0","0","19,318","0","0","3,974","0","0","79","0","0"
"2024 Presidential Election","SCHUYLKILL","Representative in the General Assembly","124th Legislative District","Democratic","TINA BURNS","4,582","0","0","2,871","0","0","1,690","0","0","21","0","0"
"2024 Presidential Election","SCHUYLKILL","Representative in the General Assembly","124th Legislative District","Republican","JAMIE BARTON","14,211","0","0","11,888","0","0","2,263","0","0","60","0","0"
"2024 Presidential Election","SNYDER","President of the United States","Statewide","Democratic","KAMALA D HARRIS","5,239","0","0","3,255","0","0","1,934","0","0","50","0","0"
"2024 Presidential Election","SNYDER","President of the United States","Statewide","Republican","DONALD J TRUMP","14,664","0","0","12,145","0","0","2,454","0","0","65","0","0"
"2024 Presidential Election","SNYDER","President of the United States","Statewide","Libertarian","CHASE OLIVER","90","0","0","69","0","0","21","0","0","0","0","0"
"2024 Presidential Election","SNYDER","President of the United States","Statewide","Green Party","JILL STEIN","45","0","0","32","0","0","13","0","0","0","0","0"
"2024 Presidential Election","SNYDER","United States Senator","Statewide","Democratic","ROBERT P CASEY JR","5,309","0","0","3,365","0","0","1,900","0","0","44","0","0"
"2024 Presidential Election","SNYDER","United States Senator","Statewide","Republican","DAVE MCCORMICK","14,211","0","0","11,723","0","0","2,423","0","0","65","0","0"
"2024 Presidential Election","SNYDER","United States Senator","Statewide","Libertarian","JOHN C THOMAS","246","0","0","205","0","0","38","0","0","3","0","0"
"2024 Presidential Election","SNYDER","United States Senator","Statewide","Green Party","LEILA HAZOU","104","0","0","73","0","0","30","0","0","1","0","0"
"2024 Presidential Election","SNYDER","United States Senator","Statewide","Constitution Party","MARTY SELKER","77","0","0","63","0","0","14","0","0","0","0","0"
"2024 Presidential Election","SNYDER","Attorney General","Statewide","Democratic","EUGENE DEPASQUALE","4,846","0","0","3,038","0","0","1,768","0","0","40","0","0"
"2024 Presidential Election","SNYDER","Attorney General","Statewide","Republican","DAVE SUNDAY","14,312","0","0","11,773","0","0","2,477","0","0","62","0","0"
"2024 Presidential Election","SNYDER","Attorney General","Statewide","Libertarian","ROBERT COWBURN","276","0","0","241","0","0","33","0","0","2","0","0"
"2024 Presidential Election","SNYDER","Attorney General","Statewide","Green Party","RICHARD L WEISS","156","0","0","128","0","0","27","0","0","1","0","0"
"2024 Presidential Election","SNYDER","Attorney General","Statewide","Constitution Party","JUSTIN L MAGILL","108","0","0","89","0","0","18","0","0","1","0","0"
"2024 Presidential Election","SNYDER","Attorney General","Statewide","Forward Party","ERIC L SETTLE","47","0","0","30","0","0","17","0","0","0","0","0"
"2024 Presidential Election","SNYDER","Auditor General","Statewide","Democratic","MALCOLM KENYATTA","4,506","0","0","2,788","0","0","1,677","0","0","41","0","0"
"2024 Presidential Election","SNYDER","Auditor General","Statewide","Republican","TIM DEFOOR","14,520","0","0","11,923","0","0","2,532","0","0","65","0","0"
"2024 Presidential Election","SNYDER","Auditor General","Statewide","Libertarian","REECE SMITH","335","0","0","275","0","0","58","0","0","2","0","0"
"2024 Presidential Election","SNYDER","Auditor General","Statewide","American Solidarity Party","ERIC K ANTON","59","0","0","46","0","0","13","0","0","0","0","0"
"2024 Presidential Election","SNYDER","Auditor General","Statewide","Constitution Party","BOB GOODRICH","198","0","0","159","0","0","39","0","0","0","0","0"
"2024 Presidential Election","SNYDER","State Treasurer","Statewide","Democratic","ERIN MCCLELLAND","4,446","0","0","2,749","0","0","1,657","0","0","40","0","0"
"2024 Presidential Election","SNYDER","State Treasurer","Statewide","Republican","STACY GARRITY","14,703","0","0","12,054","0","0","2,583","0","0","66","0","0"
"2024 Presidential Election","SNYDER","State Treasurer","Statewide","Libertarian","NICKOLAS CIESIELSKI","278","0","0","236","0","0","39","0","0","3","0","0"
"2024 Presidential Election","SNYDER","State Treasurer","Statewide","Constitution Party","TROY BOWMAN","159","0","0","139","0","0","20","0","0","0","0","0"
"2024 Presidential Election","SNYDER","State Treasurer","Statewide","Forward Party","CHRIS FOSTER","73","0","0","52","0","0","21","0","0","0","0","0"
"2024 Presidential Election","SNYDER","Representative in Congress","15th Congressional District","Democratic","ZACH WOMER","4,969","0","0","3,148","0","0","1,775","0","0","46","0","0"
"2024 Presidential Election","SNYDER","Representative in Congress","15th Congressional District","Republican","GLENN GT THOMPSON","14,685","0","0","12,053","0","0","2,569","0","0","63","0","0"
"2024 Presidential Election","SNYDER","Senator in the General Assembly","27th Senatorial District","Democratic","PATRICIA LAWTON","4,150","0","0","2,611","0","0","1,496","0","0","43","0","0"
"2024 Presidential Election","SNYDER","Senator in the General Assembly","27th Senatorial District","Republican","LYNDA J SCHLEGEL CULVER","15,567","0","0","12,667","0","0","2,835","0","0","65","0","0"
"2024 Presidential Election","SNYDER","Representative in the General Assembly","85th Legislative District","Democratic","NICK JACOBSON","5,061","0","0","3,269","0","0","1,746","0","0","46","0","0"
"2024 Presidential Election","SNYDER","Representative in the General Assembly","85th Legislative District","Republican","DAVID H ROWE","14,764","0","0","12,100","0","0","2,602","0","0","62","0","0"
"2024 Presidential Election","SOMERSET","President of the United States","Statewide","Democratic","KAMALA D HARRIS","8,596","0","0","5,543","0","0","3,019","0","0","34","0","0"
"2024 Presidential Election","SOMERSET","President of the United States","Statewide","Republican","DONALD J TRUMP","31,993","0","0","27,536","0","0","4,356","0","0","101","0","0"
"2024 Presidential Election","SOMERSET","President of the United States","Statewide","Libertarian","CHASE OLIVER","189","0","0","152","0","0","35","0","0","2","0","0"
"2024 Presidential Election","SOMERSET","President of the United States","Statewide","Green Party","JILL STEIN","103","0","0","89","0","0","14","0","0","0","0","0"
"2024 Presidential Election","SOMERSET","United States Senator","Statewide","Democratic","ROBERT P CASEY JR","9,057","0","0","5,968","0","0","3,053","0","0","36","0","0"
"2024 Presidential Election","SOMERSET","United States Senator","Statewide","Republican","DAVE MCCORMICK","30,662","0","0","26,383","0","0","4,184","0","0","95","0","0"
"2024 Presidential Election","SOMERSET","United States Senator","Statewide","Libertarian","JOHN C THOMAS","746","0","0","641","0","0","102","0","0","3","0","0"
"2024 Presidential Election","SOMERSET","United States Senator","Statewide","Green Party","LEILA HAZOU","178","0","0","137","0","0","41","0","0","0","0","0"
"2024 Presidential Election","SOMERSET","United States Senator","Statewide","Constitution Party","MARTY SELKER","166","0","0","143","0","0","23","0","0","0","0","0"
"2024 Presidential Election","SOMERSET","Attorney General","Statewide","Democratic","EUGENE DEPASQUALE","7,928","0","0","5,256","0","0","2,641","0","0","31","0","0"
"2024 Presidential Election","SOMERSET","Attorney General","Statewide","Republican","DAVE SUNDAY","31,651","0","0","26,990","0","0","4,566","0","0","95","0","0"
"2024 Presidential Election","SOMERSET","Attorney General","Statewide","Libertarian","ROBERT COWBURN","475","0","0","409","0","0","61","0","0","5","0","0"
"2024 Presidential Election","SOMERSET","Attorney General","Statewide","Green Party","RICHARD L WEISS","211","0","0","171","0","0","40","0","0","0","0","0"
"2024 Presidential Election","SOMERSET","Attorney General","Statewide","Constitution Party","JUSTIN L MAGILL","194","0","0","169","0","0","25","0","0","0","0","0"
"2024 Presidential Election","SOMERSET","Attorney General","Statewide","Forward Party","ERIC L SETTLE","48","0","0","35","0","0","12","0","0","1","0","0"
"2024 Presidential Election","SOMERSET","Auditor General","Statewide","Democratic","MALCOLM KENYATTA","7,849","0","0","5,087","0","0","2,731","0","0","31","0","0"
"2024 Presidential Election","SOMERSET","Auditor General","Statewide","Republican","TIM DEFOOR","31,087","0","0","26,590","0","0","4,402","0","0","95","0","0"
"2024 Presidential Election","SOMERSET","Auditor General","Statewide","Libertarian","REECE SMITH","808","0","0","706","0","0","98","0","0","4","0","0"
"2024 Presidential Election","SOMERSET","Auditor General","Statewide","American Solidarity Party","ERIC K ANTON","113","0","0","95","0","0","17","0","0","1","0","0"
"2024 Presidential Election","SOMERSET","Auditor General","Statewide","Constitution Party","BOB GOODRICH","401","0","0","340","0","0","60","0","0","1","0","0"
"2024 Presidential Election","SOMERSET","State Treasurer","Statewide","Democratic","ERIN MCCLELLAND","8,167","0","0","5,342","0","0","2,792","0","0","33","0","0"
"2024 Presidential Election","SOMERSET","State Treasurer","Statewide","Republican","STACY GARRITY","31,071","0","0","26,621","0","0","4,356","0","0","94","0","0"
"2024 Presidential Election","SOMERSET","State Treasurer","Statewide","Libertarian","NICKOLAS CIESIELSKI","530","0","0","454","0","0","72","0","0","4","0","0"
"2024 Presidential Election","SOMERSET","State Treasurer","Statewide","Constitution Party","TROY BOWMAN","305","0","0","257","0","0","48","0","0","0","0","0"
"2024 Presidential Election","SOMERSET","State Treasurer","Statewide","Forward Party","CHRIS FOSTER","95","0","0","79","0","0","15","0","0","1","0","0"
"2024 Presidential Election","SOMERSET","Representative in Congress","13th Congressional District","Democratic","BETH FARNHAM","220","0","0","143","0","0","77","0","0","0","0","0"
"2024 Presidential Election","SOMERSET","Representative in Congress","13th Congressional District","Republican","JOHN JOYCE","721","0","0","625","0","0","95","0","0","1","0","0"
"2024 Presidential Election","SOMERSET","Representative in Congress","14th Congressional District","Democratic","CHRIS DZIADOS","8,413","0","0","5,522","0","0","2,857","0","0","34","0","0"
"2024 Presidential Election","SOMERSET","Representative in Congress","14th Congressional District","Republican","GUY RESCHENTHALER","30,904","0","0","26,505","0","0","4,302","0","0","97","0","0"
"2024 Presidential Election","SOMERSET","Representative in the General Assembly","69th Legislative District","Republican","CARL WALKER METZGAR","32,670","0","0","27,197","0","0","5,374","0","0","99","0","0"
"2024 Presidential Election","SOMERSET","Representative in the General Assembly","71st Legislative District","Republican","JIM RIGBY","4,208","0","0","3,529","0","0","662","0","0","17","0","0"
"2024 Presidential Election","SULLIVAN","President of the United States","Statewide","Democratic","KAMALA D HARRIS","976","0","0","645","0","0","327","0","0","4","0","0"
"2024 Presidential Election","SULLIVAN","President of the United States","Statewide","Republican","DONALD J TRUMP","2,721","0","0","2,279","0","0","432","0","0","10","0","0"
"2024 Presidential Election","SULLIVAN","President of the United States","Statewide","Libertarian","CHASE OLIVER","12","0","0","9","0","0","3","0","0","0","0","0"
"2024 Presidential Election","SULLIVAN","President of the United States","Statewide","Green Party","JILL STEIN","12","0","0","10","0","0","2","0","0","0","0","0"
"2024 Presidential Election","SULLIVAN","United States Senator","Statewide","Democratic","ROBERT P CASEY JR","1,021","0","0","687","0","0","329","0","0","5","0","0"
"2024 Presidential Election","SULLIVAN","United States Senator","Statewide","Republican","DAVE MCCORMICK","2,612","0","0","2,183","0","0","420","0","0","9","0","0"
"2024 Presidential Election","SULLIVAN","United States Senator","Statewide","Libertarian","JOHN C THOMAS","47","0","0","40","0","0","7","0","0","0","0","0"
"2024 Presidential Election","SULLIVAN","United States Senator","Statewide","Green Party","LEILA HAZOU","17","0","0","12","0","0","5","0","0","0","0","0"
"2024 Presidential Election","SULLIVAN","United States Senator","Statewide","Constitution Party","MARTY SELKER","18","0","0","13","0","0","5","0","0","0","0","0"
"2024 Presidential Election","SULLIVAN","Attorney General","Statewide","Democratic","EUGENE DEPASQUALE","914","0","0","616","0","0","295","0","0","3","0","0"
"2024 Presidential Election","SULLIVAN","Attorney General","Statewide","Republican","DAVE SUNDAY","2,634","0","0","2,194","0","0","431","0","0","9","0","0"
"2024 Presidential Election","SULLIVAN","Attorney General","Statewide","Libertarian","ROBERT COWBURN","50","0","0","39","0","0","10","0","0","1","0","0"
"2024 Presidential Election","SULLIVAN","Attorney General","Statewide","Green Party","RICHARD L WEISS","29","0","0","21","0","0","7","0","0","1","0","0"
"2024 Presidential Election","SULLIVAN","Attorney General","Statewide","Constitution Party","JUSTIN L MAGILL","37","0","0","32","0","0","5","0","0","0","0","0"
"2024 Presidential Election","SULLIVAN","Attorney General","Statewide","Forward Party","ERIC L SETTLE","10","0","0","6","0","0","4","0","0","0","0","0"
"2024 Presidential Election","SULLIVAN","Auditor General","Statewide","Democratic","MALCOLM KENYATTA","843","0","0","556","0","0","284","0","0","3","0","0"
"2024 Presidential Election","SULLIVAN","Auditor General","Statewide","Republican","TIM DEFOOR","2,625","0","0","2,179","0","0","437","0","0","9","0","0"
"2024 Presidential Election","SULLIVAN","Auditor General","Statewide","Libertarian","REECE SMITH","81","0","0","64","0","0","16","0","0","1","0","0"
"2024 Presidential Election","SULLIVAN","Auditor General","Statewide","American Solidarity Party","ERIC K ANTON","6","0","0","6","0","0","0","0","0","0","0","0"
"2024 Presidential Election","SULLIVAN","Auditor General","Statewide","Constitution Party","BOB GOODRICH","46","0","0","32","0","0","13","0","0","1","0","0"
"2024 Presidential Election","SULLIVAN","State Treasurer","Statewide","Democratic","ERIN MCCLELLAND","799","0","0","525","0","0","271","0","0","3","0","0"
"2024 Presidential Election","SULLIVAN","State Treasurer","Statewide","Republican","STACY GARRITY","2,729","0","0","2,265","0","0","454","0","0","10","0","0"
"2024 Presidential Election","SULLIVAN","State Treasurer","Statewide","Libertarian","NICKOLAS CIESIELSKI","47","0","0","39","0","0","7","0","0","1","0","0"
"2024 Presidential Election","SULLIVAN","State Treasurer","Statewide","Constitution Party","TROY BOWMAN","33","0","0","23","0","0","10","0","0","0","0","0"
"2024 Presidential Election","SULLIVAN","State Treasurer","Statewide","Forward Party","CHRIS FOSTER","16","0","0","12","0","0","4","0","0","0","0","0"
"2024 Presidential Election","SULLIVAN","Representative in Congress","9th Congressional District","Democratic","AMANDA WALDMAN","899","0","0","590","0","0","305","0","0","4","0","0"
"2024 Presidential Election","SULLIVAN","Representative in Congress","9th Congressional District","Republican","DAN MEUSER","2,714","0","0","2,261","0","0","444","0","0","9","0","0"
"2024 Presidential Election","SULLIVAN","Senator in the General Assembly","23rd Senatorial District","Democratic","KIM PITCHER","786","0","0","518","0","0","265","0","0","3","0","0"
"2024 Presidential Election","SULLIVAN","Senator in the General Assembly","23rd Senatorial District","Republican","GENE YAW","2,869","0","0","2,372","0","0","486","0","0","11","0","0"
"2024 Presidential Election","SULLIVAN","Representative in the General Assembly","84th Legislative District","Republican","JOE HAMM","3,166","0","0","2,595","0","0","558","0","0","13","0","0"
"2024 Presidential Election","SUSQUEHANNA","President of the United States","Statewide","Democratic","KAMALA D HARRIS","6,093","0","0","3,711","0","0","2,337","0","0","45","0","0"
"2024 Presidential Election","SUSQUEHANNA","President of the United States","Statewide","Republican","DONALD J TRUMP","16,114","0","0","13,067","0","0","2,904","0","0","143","0","0"
"2024 Presidential Election","SUSQUEHANNA","President of the United States","Statewide","Libertarian","CHASE OLIVER","131","0","0","108","0","0","22","0","0","1","0","0"
"2024 Presidential Election","SUSQUEHANNA","President of the United States","Statewide","Green Party","JILL STEIN","66","0","0","45","0","0","21","0","0","0","0","0"
"2024 Presidential Election","SUSQUEHANNA","United States Senator","Statewide","Democratic","ROBERT P CASEY JR","6,128","0","0","3,770","0","0","2,310","0","0","48","0","0"
"2024 Presidential Election","SUSQUEHANNA","United States Senator","Statewide","Republican","DAVE MCCORMICK","15,547","0","0","12,577","0","0","2,845","0","0","125","0","0"
"2024 Presidential Election","SUSQUEHANNA","United States Senator","Statewide","Libertarian","JOHN C THOMAS","278","0","0","232","0","0","41","0","0","5","0","0"
"2024 Presidential Election","SUSQUEHANNA","United States Senator","Statewide","Green Party","LEILA HAZOU","159","0","0","115","0","0","41","0","0","3","0","0"
"2024 Presidential Election","SUSQUEHANNA","United States Senator","Statewide","Constitution Party","MARTY SELKER","104","0","0","75","0","0","28","0","0","1","0","0"
"2024 Presidential Election","SUSQUEHANNA","Attorney General","Statewide","Democratic","EUGENE DEPASQUALE","5,682","0","0","3,483","0","0","2,161","0","0","38","0","0"
"2024 Presidential Election","SUSQUEHANNA","Attorney General","Statewide","Republican","DAVE SUNDAY","15,599","0","0","12,560","0","0","2,908","0","0","131","0","0"
"2024 Presidential Election","SUSQUEHANNA","Attorney General","Statewide","Libertarian","ROBERT COWBURN","337","0","0","272","0","0","60","0","0","5","0","0"
"2024 Presidential Election","SUSQUEHANNA","Attorney General","Statewide","Green Party","RICHARD L WEISS","187","0","0","151","0","0","32","0","0","4","0","0"
"2024 Presidential Election","SUSQUEHANNA","Attorney General","Statewide","Constitution Party","JUSTIN L MAGILL","162","0","0","125","0","0","37","0","0","0","0","0"
"2024 Presidential Election","SUSQUEHANNA","Attorney General","Statewide","Forward Party","ERIC L SETTLE","41","0","0","30","0","0","11","0","0","0","0","0"
"2024 Presidential Election","SUSQUEHANNA","Auditor General","Statewide","Democratic","MALCOLM KENYATTA","5,410","0","0","3,290","0","0","2,082","0","0","38","0","0"
"2024 Presidential Election","SUSQUEHANNA","Auditor General","Statewide","Republican","TIM DEFOOR","15,611","0","0","12,542","0","0","2,938","0","0","131","0","0"
"2024 Presidential Election","SUSQUEHANNA","Auditor General","Statewide","Libertarian","REECE SMITH","457","0","0","370","0","0","82","0","0","5","0","0"
"2024 Presidential Election","SUSQUEHANNA","Auditor General","Statewide","American Solidarity Party","ERIC K ANTON","75","0","0","55","0","0","19","0","0","1","0","0"
"2024 Presidential Election","SUSQUEHANNA","Auditor General","Statewide","Constitution Party","BOB GOODRICH","355","0","0","293","0","0","60","0","0","2","0","0"
"2024 Presidential Election","SUSQUEHANNA","State Treasurer","Statewide","Democratic","ERIN MCCLELLAND","5,327","0","0","3,221","0","0","2,068","0","0","38","0","0"
"2024 Presidential Election","SUSQUEHANNA","State Treasurer","Statewide","Republican","STACY GARRITY","16,050","0","0","12,913","0","0","3,008","0","0","129","0","0"
"2024 Presidential Election","SUSQUEHANNA","State Treasurer","Statewide","Libertarian","NICKOLAS CIESIELSKI","381","0","0","316","0","0","58","0","0","7","0","0"
"2024 Presidential Election","SUSQUEHANNA","State Treasurer","Statewide","Constitution Party","TROY BOWMAN","164","0","0","134","0","0","29","0","0","1","0","0"
"2024 Presidential Election","SUSQUEHANNA","State Treasurer","Statewide","Forward Party","CHRIS FOSTER","82","0","0","59","0","0","23","0","0","0","0","0"
"2024 Presidential Election","SUSQUEHANNA","Representative in Congress","9th Congressional District","Democratic","AMANDA WALDMAN","5,783","0","0","3,570","0","0","2,174","0","0","39","0","0"
"2024 Presidential Election","SUSQUEHANNA","Representative in Congress","9th Congressional District","Republican","DAN MEUSER","16,262","0","0","13,158","0","0","2,978","0","0","126","0","0"
"2024 Presidential Election","SUSQUEHANNA","Representative in the General Assembly","111th Legislative District","Republican","JONATHAN FRITZ","19,238","0","0","15,231","0","0","3,858","0","0","149","0","0"
"2024 Presidential Election","TIOGA","President of the United States","Statewide","Democratic","KAMALA D HARRIS","5,100","0","0","3,323","0","0","1,757","0","0","20","0","0"
"2024 Presidential Election","TIOGA","President of the United States","Statewide","Republican","DONALD J TRUMP","16,272","0","0","13,718","0","0","2,505","0","0","49","0","0"
"2024 Presidential Election","TIOGA","President of the United States","Statewide","Libertarian","CHASE OLIVER","144","0","0","125","0","0","19","0","0","0","0","0"
"2024 Presidential Election","TIOGA","President of the United States","Statewide","Green Party","JILL STEIN","71","0","0","47","0","0","23","0","0","1","0","0"
"2024 Presidential Election","TIOGA","United States Senator","Statewide","Democratic","ROBERT P CASEY JR","5,066","0","0","3,327","0","0","1,715","0","0","24","0","0"
"2024 Presidential Election","TIOGA","United States Senator","Statewide","Republican","DAVE MCCORMICK","15,778","0","0","13,300","0","0","2,433","0","0","45","0","0"
"2024 Presidential Election","TIOGA","United States Senator","Statewide","Libertarian","JOHN C THOMAS","350","0","0","289","0","0","59","0","0","2","0","0"
"2024 Presidential Election","TIOGA","United States Senator","Statewide","Green Party","LEILA HAZOU","135","0","0","101","0","0","34","0","0","0","0","0"
"2024 Presidential Election","TIOGA","United States Senator","Statewide","Constitution Party","MARTY SELKER","103","0","0","78","0","0","25","0","0","0","0","0"
"2024 Presidential Election","TIOGA","Attorney General","Statewide","Democratic","EUGENE DEPASQUALE","4,597","0","0","2,970","0","0","1,603","0","0","24","0","0"
"2024 Presidential Election","TIOGA","Attorney General","Statewide","Republican","DAVE SUNDAY","15,979","0","0","13,442","0","0","2,495","0","0","42","0","0"
"2024 Presidential Election","TIOGA","Attorney General","Statewide","Libertarian","ROBERT COWBURN","347","0","0","298","0","0","48","0","0","1","0","0"
"2024 Presidential Election","TIOGA","Attorney General","Statewide","Green Party","RICHARD L WEISS","145","0","0","117","0","0","28","0","0","0","0","0"
"2024 Presidential Election","TIOGA","Attorney General","Statewide","Constitution Party","JUSTIN L MAGILL","148","0","0","125","0","0","22","0","0","1","0","0"
"2024 Presidential Election","TIOGA","Attorney General","Statewide","Forward Party","ERIC L SETTLE","46","0","0","33","0","0","13","0","0","0","0","0"
"2024 Presidential Election","TIOGA","Auditor General","Statewide","Democratic","MALCOLM KENYATTA","4,375","0","0","2,823","0","0","1,528","0","0","24","0","0"
"2024 Presidential Election","TIOGA","Auditor General","Statewide","Republican","TIM DEFOOR","15,886","0","0","13,320","0","0","2,525","0","0","41","0","0"
"2024 Presidential Election","TIOGA","Auditor General","Statewide","Libertarian","REECE SMITH","419","0","0","349","0","0","70","0","0","0","0","0"
"2024 Presidential Election","TIOGA","Auditor General","Statewide","American Solidarity Party","ERIC K ANTON","55","0","0","47","0","0","8","0","0","0","0","0"
"2024 Presidential Election","TIOGA","Auditor General","Statewide","Constitution Party","BOB GOODRICH","427","0","0","366","0","0","61","0","0","0","0","0"
"2024 Presidential Election","TIOGA","State Treasurer","Statewide","Democratic","ERIN MCCLELLAND","4,400","0","0","2,825","0","0","1,556","0","0","19","0","0"
"2024 Presidential Election","TIOGA","State Treasurer","Statewide","Republican","STACY GARRITY","16,273","0","0","13,677","0","0","2,551","0","0","45","0","0"
"2024 Presidential Election","TIOGA","State Treasurer","Statewide","Libertarian","NICKOLAS CIESIELSKI","315","0","0","261","0","0","54","0","0","0","0","0"
"2024 Presidential Election","TIOGA","State Treasurer","Statewide","Constitution Party","TROY BOWMAN","182","0","0","162","0","0","19","0","0","1","0","0"
"2024 Presidential Election","TIOGA","State Treasurer","Statewide","Forward Party","CHRIS FOSTER","73","0","0","60","0","0","12","0","0","1","0","0"
"2024 Presidential Election","TIOGA","Representative in Congress","15th Congressional District","Democratic","ZACH WOMER","4,546","0","0","2,938","0","0","1,588","0","0","20","0","0"
"2024 Presidential Election","TIOGA","Representative in Congress","15th Congressional District","Republican","GLENN GT THOMPSON","16,631","0","0","13,963","0","0","2,620","0","0","48","0","0"
"2024 Presidential Election","TIOGA","Senator in the General Assembly","23rd Senatorial District","Democratic","KIM PITCHER","4,556","0","0","2,990","0","0","1,541","0","0","25","0","0"
"2024 Presidential Election","TIOGA","Senator in the General Assembly","23rd Senatorial District","Republican","GENE YAW","16,430","0","0","13,777","0","0","2,612","0","0","41","0","0"
"2024 Presidential Election","TIOGA","Representative in the General Assembly","68th Legislative District","Republican","CLINT OWLETT","18,891","0","0","15,435","0","0","3,405","0","0","51","0","0"
"2024 Presidential Election","UNION","President of the United States","Statewide","Democratic","KAMALA D HARRIS","8,015","0","0","4,993","0","0","2,953","0","0","69","0","0"
"2024 Presidential Election","UNION","President of the United States","Statewide","Republican","DONALD J TRUMP","12,969","0","0","10,298","0","0","2,560","0","0","111","0","0"
"2024 Presidential Election","UNION","President of the United States","Statewide","Libertarian","CHASE OLIVER","100","0","0","86","0","0","13","0","0","1","0","0"
"2024 Presidential Election","UNION","President of the United States","Statewide","Green Party","JILL STEIN","104","0","0","75","0","0","29","0","0","0","0","0"
"2024 Presidential Election","UNION","United States Senator","Statewide","Democratic","ROBERT P CASEY JR","7,872","0","0","4,891","0","0","2,918","0","0","63","0","0"
"2024 Presidential Election","UNION","United States Senator","Statewide","Republican","DAVE MCCORMICK","12,747","0","0","10,118","0","0","2,527","0","0","102","0","0"
"2024 Presidential Election","UNION","United States Senator","Statewide","Libertarian","JOHN C THOMAS","240","0","0","197","0","0","40","0","0","3","0","0"
"2024 Presidential Election","UNION","United States Senator","Statewide","Green Party","LEILA HAZOU","136","0","0","85","0","0","47","0","0","4","0","0"
"2024 Presidential Election","UNION","United States Senator","Statewide","Constitution Party","MARTY SELKER","77","0","0","53","0","0","22","0","0","2","0","0"
"2024 Presidential Election","UNION","Attorney General","Statewide","Democratic","EUGENE DEPASQUALE","7,256","0","0","4,530","0","0","2,668","0","0","58","0","0"
"2024 Presidential Election","UNION","Attorney General","Statewide","Republican","DAVE SUNDAY","13,012","0","0","10,232","0","0","2,681","0","0","99","0","0"
"2024 Presidential Election","UNION","Attorney General","Statewide","Libertarian","ROBERT COWBURN","275","0","0","231","0","0","41","0","0","3","0","0"
"2024 Presidential Election","UNION","Attorney General","Statewide","Green Party","RICHARD L WEISS","186","0","0","141","0","0","41","0","0","4","0","0"
"2024 Presidential Election","UNION","Attorney General","Statewide","Constitution Party","JUSTIN L MAGILL","97","0","0","67","0","0","27","0","0","3","0","0"
"2024 Presidential Election","UNION","Attorney General","Statewide","Forward Party","ERIC L SETTLE","48","0","0","32","0","0","14","0","0","2","0","0"
"2024 Presidential Election","UNION","Auditor General","Statewide","Democratic","MALCOLM KENYATTA","7,124","0","0","4,431","0","0","2,635","0","0","58","0","0"
"2024 Presidential Election","UNION","Auditor General","Statewide","Republican","TIM DEFOOR","13,096","0","0","10,291","0","0","2,703","0","0","102","0","0"
"2024 Presidential Election","UNION","Auditor General","Statewide","Libertarian","REECE SMITH","364","0","0","300","0","0","61","0","0","3","0","0"
"2024 Presidential Election","UNION","Auditor General","Statewide","American Solidarity Party","ERIC K ANTON","49","0","0","38","0","0","9","0","0","2","0","0"
"2024 Presidential Election","UNION","Auditor General","Statewide","Constitution Party","BOB GOODRICH","134","0","0","99","0","0","33","0","0","2","0","0"
"2024 Presidential Election","UNION","State Treasurer","Statewide","Democratic","ERIN MCCLELLAND","6,963","0","0","4,326","0","0","2,582","0","0","55","0","0"
"2024 Presidential Election","UNION","State Treasurer","Statewide","Republican","STACY GARRITY","13,391","0","0","10,517","0","0","2,769","0","0","105","0","0"
"2024 Presidential Election","UNION","State Treasurer","Statewide","Libertarian","NICKOLAS CIESIELSKI","277","0","0","227","0","0","47","0","0","3","0","0"
"2024 Presidential Election","UNION","State Treasurer","Statewide","Constitution Party","TROY BOWMAN","118","0","0","91","0","0","26","0","0","1","0","0"
"2024 Presidential Election","UNION","State Treasurer","Statewide","Forward Party","CHRIS FOSTER","69","0","0","45","0","0","21","0","0","3","0","0"
"2024 Presidential Election","UNION","Representative in Congress","15th Congressional District","Democratic","ZACH WOMER","7,455","0","0","4,675","0","0","2,721","0","0","59","0","0"
"2024 Presidential Election","UNION","Representative in Congress","15th Congressional District","Republican","GLENN GT THOMPSON","13,406","0","0","10,565","0","0","2,736","0","0","105","0","0"
"2024 Presidential Election","UNION","Senator in the General Assembly","23rd Senatorial District","Democratic","KIM PITCHER","7,210","0","0","4,525","0","0","2,627","0","0","58","0","0"
"2024 Presidential Election","UNION","Senator in the General Assembly","23rd Senatorial District","Republican","GENE YAW","13,604","0","0","10,710","0","0","2,789","0","0","105","0","0"
"2024 Presidential Election","UNION","Representative in the General Assembly","76th Legislative District","Democratic","DENISE MARIS","4,052","0","0","2,569","0","0","1,450","0","0","33","0","0"
"2024 Presidential Election","UNION","Representative in the General Assembly","76th Legislative District","Republican","STEPHANIE BOROWICZ","8,500","0","0","6,766","0","0","1,664","0","0","70","0","0"
"2024 Presidential Election","UNION","Representative in the General Assembly","83rd Legislative District","Republican","JAMIE FLICK","2,575","0","0","2,167","0","0","391","0","0","17","0","0"
"2024 Presidential Election","UNION","Representative in the General Assembly","85th Legislative District","Democratic","NICK JACOBSON","2,965","0","0","1,812","0","0","1,127","0","0","26","0","0"
"2024 Presidential Election","UNION","Representative in the General Assembly","85th Legislative District","Republican","DAVID H ROWE","2,538","0","0","1,838","0","0","680","0","0","20","0","0"
"2024 Presidential Election","VENANGO","President of the United States","Statewide","Democratic","KAMALA D HARRIS","7,624","0","0","4,717","0","0","2,806","0","0","101","0","0"
"2024 Presidential Election","VENANGO","President of the United States","Statewide","Republican","DONALD J TRUMP","18,883","0","0","15,910","0","0","2,833","0","0","140","0","0"
"2024 Presidential Election","VENANGO","President of the United States","Statewide","Libertarian","CHASE OLIVER","137","0","0","107","0","0","30","0","0","0","0","0"
"2024 Presidential Election","VENANGO","President of the United States","Statewide","Green Party","JILL STEIN","88","0","0","65","0","0","21","0","0","2","0","0"
"2024 Presidential Election","VENANGO","United States Senator","Statewide","Democratic","ROBERT P CASEY JR","7,902","0","0","5,007","0","0","2,796","0","0","99","0","0"
"2024 Presidential Election","VENANGO","United States Senator","Statewide","Republican","DAVE MCCORMICK","17,825","0","0","14,982","0","0","2,709","0","0","134","0","0"
"2024 Presidential Election","VENANGO","United States Senator","Statewide","Libertarian","JOHN C THOMAS","477","0","0","388","0","0","83","0","0","6","0","0"
"2024 Presidential Election","VENANGO","United States Senator","Statewide","Green Party","LEILA HAZOU","184","0","0","135","0","0","47","0","0","2","0","0"
"2024 Presidential Election","VENANGO","United States Senator","Statewide","Constitution Party","MARTY SELKER","243","0","0","203","0","0","38","0","0","2","0","0"
"2024 Presidential Election","VENANGO","Attorney General","Statewide","Democratic","EUGENE DEPASQUALE","7,086","0","0","4,410","0","0","2,587","0","0","89","0","0"
"2024 Presidential Election","VENANGO","Attorney General","Statewide","Republican","DAVE SUNDAY","18,404","0","0","15,407","0","0","2,865","0","0","132","0","0"
"2024 Presidential Election","VENANGO","Attorney General","Statewide","Libertarian","ROBERT COWBURN","421","0","0","348","0","0","69","0","0","4","0","0"
"2024 Presidential Election","VENANGO","Attorney General","Statewide","Green Party","RICHARD L WEISS","198","0","0","154","0","0","41","0","0","3","0","0"
"2024 Presidential Election","VENANGO","Attorney General","Statewide","Constitution Party","JUSTIN L MAGILL","253","0","0","209","0","0","41","0","0","3","0","0"
"2024 Presidential Election","VENANGO","Attorney General","Statewide","Forward Party","ERIC L SETTLE","74","0","0","50","0","0","24","0","0","0","0","0"
"2024 Presidential Election","VENANGO","Auditor General","Statewide","Democratic","MALCOLM KENYATTA","6,885","0","0","4,249","0","0","2,548","0","0","88","0","0"
"2024 Presidential Election","VENANGO","Auditor General","Statewide","Republican","TIM DEFOOR","18,319","0","0","15,305","0","0","2,883","0","0","131","0","0"
"2024 Presidential Election","VENANGO","Auditor General","Statewide","Libertarian","REECE SMITH","604","0","0","505","0","0","95","0","0","4","0","0"
"2024 Presidential Election","VENANGO","Auditor General","Statewide","American Solidarity Party","ERIC K ANTON","118","0","0","94","0","0","22","0","0","2","0","0"
"2024 Presidential Election","VENANGO","Auditor General","Statewide","Constitution Party","BOB GOODRICH","392","0","0","336","0","0","51","0","0","5","0","0"
"2024 Presidential Election","VENANGO","State Treasurer","Statewide","Democratic","ERIN MCCLELLAND","6,922","0","0","4,263","0","0","2,572","0","0","87","0","0"
"2024 Presidential Election","VENANGO","State Treasurer","Statewide","Republican","STACY GARRITY","18,676","0","0","15,638","0","0","2,906","0","0","132","0","0"
"2024 Presidential Election","VENANGO","State Treasurer","Statewide","Libertarian","NICKOLAS CIESIELSKI","419","0","0","348","0","0","66","0","0","5","0","0"
"2024 Presidential Election","VENANGO","State Treasurer","Statewide","Constitution Party","TROY BOWMAN","246","0","0","205","0","0","36","0","0","5","0","0"
"2024 Presidential Election","VENANGO","State Treasurer","Statewide","Forward Party","CHRIS FOSTER","103","0","0","76","0","0","25","0","0","2","0","0"
"2024 Presidential Election","VENANGO","Representative in Congress","15th Congressional District","Democratic","ZACH WOMER","4,242","0","0","2,647","0","0","1,537","0","0","58","0","0"
"2024 Presidential Election","VENANGO","Representative in Congress","15th Congressional District","Republican","GLENN GT THOMPSON","11,871","0","0","9,948","0","0","1,830","0","0","93","0","0"
"2024 Presidential Election","VENANGO","Representative in Congress","16th Congressional District","Democratic","PRESTON NOURI","2,666","0","0","1,595","0","0","1,039","0","0","32","0","0"
"2024 Presidential Election","VENANGO","Representative in Congress","16th Congressional District","Republican","MIKE KELLY","7,365","0","0","6,135","0","0","1,189","0","0","41","0","0"
"2024 Presidential Election","VENANGO","Senator in the General Assembly","21st Senatorial District","Republican","SCOTT E HUTCHINSON","23,476","0","0","18,771","0","0","4,507","0","0","198","0","0"
"2024 Presidential Election","VENANGO","Representative in the General Assembly","64th Legislative District","Republican","R LEE JAMES","21,231","0","0","17,147","0","0","3,950","0","0","134","0","0"
"2024 Presidential Election","VENANGO","Representative in the General Assembly","64th Legislative District","Constitution Party","RON JOHNSON","3,180","0","0","2,255","0","0","904","0","0","21","0","0"
"2024 Presidential Election","WARREN","President of the United States","Statewide","Democratic","KAMALA D HARRIS","6,212","0","0","3,983","0","0","2,197","0","0","32","0","0"
"2024 Presidential Election","WARREN","President of the United States","Statewide","Republican","DONALD J TRUMP","14,345","0","0","12,173","0","0","2,122","0","0","50","0","0"
"2024 Presidential Election","WARREN","President of the United States","Statewide","Libertarian","CHASE OLIVER","113","0","0","89","0","0","24","0","0","0","0","0"
"2024 Presidential Election","WARREN","President of the United States","Statewide","Green Party","JILL STEIN","53","0","0","40","0","0","13","0","0","0","0","0"
"2024 Presidential Election","WARREN","United States Senator","Statewide","Democratic","ROBERT P CASEY JR","6,415","0","0","4,185","0","0","2,202","0","0","28","0","0"
"2024 Presidential Election","WARREN","United States Senator","Statewide","Republican","DAVE MCCORMICK","13,655","0","0","11,575","0","0","2,031","0","0","49","0","0"
"2024 Presidential Election","WARREN","United States Senator","Statewide","Libertarian","JOHN C THOMAS","352","0","0","295","0","0","56","0","0","1","0","0"
"2024 Presidential Election","WARREN","United States Senator","Statewide","Green Party","LEILA HAZOU","119","0","0","94","0","0","23","0","0","2","0","0"
"2024 Presidential Election","WARREN","United States Senator","Statewide","Constitution Party","MARTY SELKER","126","0","0","101","0","0","25","0","0","0","0","0"
"2024 Presidential Election","WARREN","Attorney General","Statewide","Democratic","EUGENE DEPASQUALE","5,397","0","0","3,421","0","0","1,950","0","0","26","0","0"
"2024 Presidential Election","WARREN","Attorney General","Statewide","Republican","DAVE SUNDAY","14,298","0","0","12,034","0","0","2,218","0","0","46","0","0"
"2024 Presidential Election","WARREN","Attorney General","Statewide","Libertarian","ROBERT COWBURN","355","0","0","305","0","0","49","0","0","1","0","0"
"2024 Presidential Election","WARREN","Attorney General","Statewide","Green Party","RICHARD L WEISS","208","0","0","172","0","0","36","0","0","0","0","0"
"2024 Presidential Election","WARREN","Attorney General","Statewide","Constitution Party","JUSTIN L MAGILL","176","0","0","145","0","0","30","0","0","1","0","0"
"2024 Presidential Election","WARREN","Attorney General","Statewide","Forward Party","ERIC L SETTLE","62","0","0","50","0","0","12","0","0","0","0","0"
"2024 Presidential Election","WARREN","Auditor General","Statewide","Democratic","MALCOLM KENYATTA","5,500","0","0","3,520","0","0","1,953","0","0","27","0","0"
"2024 Presidential Election","WARREN","Auditor General","Statewide","Republican","TIM DEFOOR","13,949","0","0","11,763","0","0","2,142","0","0","44","0","0"
"2024 Presidential Election","WARREN","Auditor General","Statewide","Libertarian","REECE SMITH","458","0","0","394","0","0","63","0","0","1","0","0"
"2024 Presidential Election","WARREN","Auditor General","Statewide","American Solidarity Party","ERIC K ANTON","83","0","0","67","0","0","16","0","0","0","0","0"
"2024 Presidential Election","WARREN","Auditor General","Statewide","Constitution Party","BOB GOODRICH","324","0","0","270","0","0","54","0","0","0","0","0"
"2024 Presidential Election","WARREN","State Treasurer","Statewide","Democratic","ERIN MCCLELLAND","5,574","0","0","3,558","0","0","1,989","0","0","27","0","0"
"2024 Presidential Election","WARREN","State Treasurer","Statewide","Republican","STACY GARRITY","14,176","0","0","11,974","0","0","2,156","0","0","46","0","0"
"2024 Presidential Election","WARREN","State Treasurer","Statewide","Libertarian","NICKOLAS CIESIELSKI","353","0","0","296","0","0","57","0","0","0","0","0"
"2024 Presidential Election","WARREN","State Treasurer","Statewide","Constitution Party","TROY BOWMAN","210","0","0","189","0","0","21","0","0","0","0","0"
"2024 Presidential Election","WARREN","State Treasurer","Statewide","Forward Party","CHRIS FOSTER","98","0","0","77","0","0","21","0","0","0","0","0"
"2024 Presidential Election","WARREN","Representative in Congress","15th Congressional District","Democratic","ZACH WOMER","5,501","0","0","3,562","0","0","1,916","0","0","23","0","0"
"2024 Presidential Election","WARREN","Representative in Congress","15th Congressional District","Republican","GLENN GT THOMPSON","14,813","0","0","12,485","0","0","2,281","0","0","47","0","0"
"2024 Presidential Election","WARREN","Senator in the General Assembly","21st Senatorial District","Republican","SCOTT E HUTCHINSON","15,706","0","0","12,732","0","0","2,923","0","0","51","0","0"
"2024 Presidential Election","WARREN","Representative in the General Assembly","65th Legislative District","Democratic","ERIN WILLMAN","5,956","0","0","3,982","0","0","1,950","0","0","24","0","0"
"2024 Presidential Election","WARREN","Representative in the General Assembly","65th Legislative District","Republican","KATHY L RAPP","14,435","0","0","12,153","0","0","2,234","0","0","48","0","0"
"2024 Presidential Election","WASHINGTON","President of the United States","Statewide","Democratic","KAMALA D HARRIS","44,910","0","0","27,742","0","0","16,929","0","0","239","0","0"
"2024 Presidential Election","WASHINGTON","President of the United States","Statewide","Republican","DONALD J TRUMP","75,929","0","0","63,414","0","0","12,171","0","0","344","0","0"
"2024 Presidential Election","WASHINGTON","President of the United States","Statewide","Libertarian","CHASE OLIVER","524","0","0","408","0","0","110","0","0","6","0","0"
"2024 Presidential Election","WASHINGTON","President of the United States","Statewide","Green Party","JILL STEIN","254","0","0","194","0","0","58","0","0","2","0","0"
"2024 Presidential Election","WASHINGTON","United States Senator","Statewide","Democratic","ROBERT P CASEY JR","45,926","0","0","28,763","0","0","16,915","0","0","248","0","0"
"2024 Presidential Election","WASHINGTON","United States Senator","Statewide","Republican","DAVE MCCORMICK","71,798","0","0","59,657","0","0","11,831","0","0","310","0","0"
"2024 Presidential Election","WASHINGTON","United States Senator","Statewide","Libertarian","JOHN C THOMAS","1,656","0","0","1,392","0","0","252","0","0","12","0","0"
"2024 Presidential Election","WASHINGTON","United States Senator","Statewide","Green Party","LEILA HAZOU","614","0","0","473","0","0","134","0","0","7","0","0"
"2024 Presidential Election","WASHINGTON","United States Senator","Statewide","Constitution Party","MARTY SELKER","447","0","0","364","0","0","78","0","0","5","0","0"
"2024 Presidential Election","WASHINGTON","Attorney General","Statewide","Democratic","EUGENE DEPASQUALE","43,990","0","0","27,521","0","0","16,244","0","0","225","0","0"
"2024 Presidential Election","WASHINGTON","Attorney General","Statewide","Republican","DAVE SUNDAY","71,760","0","0","59,256","0","0","12,179","0","0","325","0","0"
"2024 Presidential Election","WASHINGTON","Attorney General","Statewide","Libertarian","ROBERT COWBURN","1,789","0","0","1,564","0","0","211","0","0","14","0","0"
"2024 Presidential Election","WASHINGTON","Attorney General","Statewide","Green Party","RICHARD L WEISS","744","0","0","613","0","0","125","0","0","6","0","0"
"2024 Presidential Election","WASHINGTON","Attorney General","Statewide","Constitution Party","JUSTIN L MAGILL","622","0","0","528","0","0","92","0","0","2","0","0"
"2024 Presidential Election","WASHINGTON","Attorney General","Statewide","Forward Party","ERIC L SETTLE","269","0","0","207","0","0","59","0","0","3","0","0"
"2024 Presidential Election","WASHINGTON","Auditor General","Statewide","Democratic","MALCOLM KENYATTA","41,971","0","0","26,178","0","0","15,565","0","0","228","0","0"
"2024 Presidential Election","WASHINGTON","Auditor General","Statewide","Republican","TIM DEFOOR","72,929","0","0","60,095","0","0","12,519","0","0","315","0","0"
"2024 Presidential Election","WASHINGTON","Auditor General","Statewide","Libertarian","REECE SMITH","2,134","0","0","1,770","0","0","351","0","0","13","0","0"
"2024 Presidential Election","WASHINGTON","Auditor General","Statewide","American Solidarity Party","ERIC K ANTON","322","0","0","262","0","0","54","0","0","6","0","0"
"2024 Presidential Election","WASHINGTON","Auditor General","Statewide","Constitution Party","BOB GOODRICH","969","0","0","783","0","0","174","0","0","12","0","0"
"2024 Presidential Election","WASHINGTON","State Treasurer","Statewide","Democratic","ERIN MCCLELLAND","41,673","0","0","25,651","0","0","15,799","0","0","223","0","0"
"2024 Presidential Election","WASHINGTON","State Treasurer","Statewide","Republican","STACY GARRITY","73,974","0","0","61,155","0","0","12,495","0","0","324","0","0"
"2024 Presidential Election","WASHINGTON","State Treasurer","Statewide","Libertarian","NICKOLAS CIESIELSKI","1,792","0","0","1,507","0","0","268","0","0","17","0","0"
"2024 Presidential Election","WASHINGTON","State Treasurer","Statewide","Constitution Party","TROY BOWMAN","758","0","0","656","0","0","95","0","0","7","0","0"
"2024 Presidential Election","WASHINGTON","State Treasurer","Statewide","Forward Party","CHRIS FOSTER","385","0","0","273","0","0","109","0","0","3","0","0"
"2024 Presidential Election","WASHINGTON","Representative in Congress","14th Congressional District","Democratic","CHRIS DZIADOS","43,371","0","0","26,957","0","0","16,172","0","0","242","0","0"
"2024 Presidential Election","WASHINGTON","Representative in Congress","14th Congressional District","Republican","GUY RESCHENTHALER","73,710","0","0","60,743","0","0","12,657","0","0","310","0","0"
"2024 Presidential Election","WASHINGTON","Representative in the General Assembly","15th Legislative District","Democratic","ASHLEE CAUL","4,383","0","0","2,774","0","0","1,591","0","0","18","0","0"
"2024 Presidential Election","WASHINGTON","Representative in the General Assembly","15th Legislative District","Republican","JOSHUA D KAIL","9,557","0","0","8,163","0","0","1,354","0","0","40","0","0"
"2024 Presidential Election","WASHINGTON","Representative in the General Assembly","39th Legislative District","Democratic","ANGELA GIROL","2,443","0","0","1,525","0","0","910","0","0","8","0","0"
"2024 Presidential Election","WASHINGTON","Representative in the General Assembly","39th Legislative District","Republican","ANDREW KUZMA","4,308","0","0","3,586","0","0","705","0","0","17","0","0"
"2024 Presidential Election","WASHINGTON","Representative in the General Assembly","40th Legislative District","Democratic","PETER KOHNKE","4,524","0","0","2,521","0","0","1,979","0","0","24","0","0"
"2024 Presidential Election","WASHINGTON","Representative in the General Assembly","40th Legislative District","Republican","NATALIE MIHALEK","9,579","0","0","7,050","0","0","2,494","0","0","35","0","0"
"2024 Presidential Election","WASHINGTON","Representative in the General Assembly","46th Legislative District","Democratic","ALEX TAYLOR","9,285","0","0","5,150","0","0","4,076","0","0","59","0","0"
"2024 Presidential Election","WASHINGTON","Representative in the General Assembly","46th Legislative District","Republican","JASON ORTITAY","16,028","0","0","12,350","0","0","3,621","0","0","57","0","0"
"2024 Presidential Election","WASHINGTON","Representative in the General Assembly","48th Legislative District","Republican","TIM O'NEAL","24,213","0","0","18,097","0","0","6,003","0","0","113","0","0"
"2024 Presidential Election","WASHINGTON","Representative in the General Assembly","50th Legislative District","Democratic","DREW ROSS MANKO","4,457","0","0","2,944","0","0","1,480","0","0","33","0","0"
"2024 Presidential Election","WASHINGTON","Representative in the General Assembly","50th Legislative District","Republican","BUD COOK","8,258","0","0","7,070","0","0","1,144","0","0","44","0","0"
"2024 Presidential Election","WAYNE","President of the United States","Statewide","Democratic","KAMALA D HARRIS","9,150","0","0","5,047","0","0","4,058","0","0","45","0","0"
"2024 Presidential Election","WAYNE","President of the United States","Statewide","Republican","DONALD J TRUMP","20,071","0","0","14,991","0","0","4,931","0","0","149","0","0"
"2024 Presidential Election","WAYNE","President of the United States","Statewide","Libertarian","CHASE OLIVER","125","0","0","89","0","0","36","0","0","0","0","0"
"2024 Presidential Election","WAYNE","President of the United States","Statewide","Green Party","JILL STEIN","98","0","0","75","0","0","23","0","0","0","0","0"
"2024 Presidential Election","WAYNE","United States Senator","Statewide","Democratic","ROBERT P CASEY JR","9,385","0","0","5,284","0","0","4,057","0","0","44","0","0"
"2024 Presidential Election","WAYNE","United States Senator","Statewide","Republican","DAVE MCCORMICK","19,331","0","0","14,403","0","0","4,788","0","0","140","0","0"
"2024 Presidential Election","WAYNE","United States Senator","Statewide","Libertarian","JOHN C THOMAS","308","0","0","242","0","0","64","0","0","2","0","0"
"2024 Presidential Election","WAYNE","United States Senator","Statewide","Green Party","LEILA HAZOU","207","0","0","127","0","0","77","0","0","3","0","0"
"2024 Presidential Election","WAYNE","United States Senator","Statewide","Constitution Party","MARTY SELKER","104","0","0","74","0","0","30","0","0","0","0","0"
"2024 Presidential Election","WAYNE","Attorney General","Statewide","Democratic","EUGENE DEPASQUALE","8,603","0","0","4,786","0","0","3,770","0","0","47","0","0"
"2024 Presidential Election","WAYNE","Attorney General","Statewide","Republican","DAVE SUNDAY","19,564","0","0","14,501","0","0","4,930","0","0","133","0","0"
"2024 Presidential Election","WAYNE","Attorney General","Statewide","Libertarian","ROBERT COWBURN","388","0","0","313","0","0","71","0","0","4","0","0"
"2024 Presidential Election","WAYNE","Attorney General","Statewide","Green Party","RICHARD L WEISS","228","0","0","163","0","0","62","0","0","3","0","0"
"2024 Presidential Election","WAYNE","Attorney General","Statewide","Constitution Party","JUSTIN L MAGILL","184","0","0","138","0","0","45","0","0","1","0","0"
"2024 Presidential Election","WAYNE","Attorney General","Statewide","Forward Party","ERIC L SETTLE","56","0","0","37","0","0","19","0","0","0","0","0"
"2024 Presidential Election","WAYNE","Auditor General","Statewide","Democratic","MALCOLM KENYATTA","8,101","0","0","4,412","0","0","3,648","0","0","41","0","0"
"2024 Presidential Election","WAYNE","Auditor General","Statewide","Republican","TIM DEFOOR","19,560","0","0","14,452","0","0","4,972","0","0","136","0","0"
"2024 Presidential Election","WAYNE","Auditor General","Statewide","Libertarian","REECE SMITH","537","0","0","440","0","0","92","0","0","5","0","0"
"2024 Presidential Election","WAYNE","Auditor General","Statewide","American Solidarity Party","ERIC K ANTON","71","0","0","55","0","0","16","0","0","0","0","0"
"2024 Presidential Election","WAYNE","Auditor General","Statewide","Constitution Party","BOB GOODRICH","354","0","0","267","0","0","85","0","0","2","0","0"
"2024 Presidential Election","WAYNE","State Treasurer","Statewide","Democratic","ERIN MCCLELLAND","8,088","0","0","4,418","0","0","3,632","0","0","38","0","0"
"2024 Presidential Election","WAYNE","State Treasurer","Statewide","Republican","STACY GARRITY","19,907","0","0","14,724","0","0","5,045","0","0","138","0","0"
"2024 Presidential Election","WAYNE","State Treasurer","Statewide","Libertarian","NICKOLAS CIESIELSKI","408","0","0","321","0","0","82","0","0","5","0","0"
"2024 Presidential Election","WAYNE","State Treasurer","Statewide","Constitution Party","TROY BOWMAN","229","0","0","180","0","0","47","0","0","2","0","0"
"2024 Presidential Election","WAYNE","State Treasurer","Statewide","Forward Party","CHRIS FOSTER","82","0","0","54","0","0","28","0","0","0","0","0"
"2024 Presidential Election","WAYNE","Representative in Congress","8th Congressional District","Democratic","MATT CARTWRIGHT","9,841","0","0","5,581","0","0","4,207","0","0","53","0","0"
"2024 Presidential Election","WAYNE","Representative in Congress","8th Congressional District","Republican","ROB BRESNAHAN JR","19,261","0","0","14,334","0","0","4,792","0","0","135","0","0"
"2024 Presidential Election","WAYNE","Representative in the General Assembly","111th Legislative District","Republican","JONATHAN FRITZ","12,290","0","0","9,084","0","0","3,134","0","0","72","0","0"
"2024 Presidential Election","WAYNE","Representative in the General Assembly","139th Legislative District","Democratic","ROBIN SCHOOLEY SKIBBER","4,190","0","0","2,253","0","0","1,904","0","0","33","0","0"
"2024 Presidential Election","WAYNE","Representative in the General Assembly","139th Legislative District","Republican","JEFF OLSOMMER","10,091","0","0","7,263","0","0","2,760","0","0","68","0","0"
"2024 Presidential Election","WESTMORELAND","President of the United States","Statewide","Democratic","KAMALA D HARRIS","74,904","0","0","44,718","0","0","29,800","0","0","386","0","0"
"2024 Presidential Election","WESTMORELAND","President of the United States","Statewide","Republican","DONALD J TRUMP","135,008","0","0","110,249","0","0","24,161","0","0","598","0","0"
"2024 Presidential Election","WESTMORELAND","President of the United States","Statewide","Libertarian","CHASE OLIVER","971","0","0","730","0","0","239","0","0","2","0","0"
"2024 Presidential Election","WESTMORELAND","President of the United States","Statewide","Green Party","JILL STEIN","567","0","0","388","0","0","175","0","0","4","0","0"
"2024 Presidential Election","WESTMORELAND","United States Senator","Statewide","Democratic","ROBERT P CASEY JR","76,004","0","0","45,982","0","0","29,651","0","0","371","0","0"
"2024 Presidential Election","WESTMORELAND","United States Senator","Statewide","Republican","DAVE MCCORMICK","128,040","0","0","103,986","0","0","23,490","0","0","564","0","0"
"2024 Presidential Election","WESTMORELAND","United States Senator","Statewide","Libertarian","JOHN C THOMAS","2,911","0","0","2,362","0","0","530","0","0","19","0","0"
"2024 Presidential Election","WESTMORELAND","United States Senator","Statewide","Green Party","LEILA HAZOU","1,208","0","0","838","0","0","360","0","0","10","0","0"
"2024 Presidential Election","WESTMORELAND","United States Senator","Statewide","Constitution Party","MARTY SELKER","774","0","0","611","0","0","159","0","0","4","0","0"
"2024 Presidential Election","WESTMORELAND","Attorney General","Statewide","Democratic","EUGENE DEPASQUALE","72,703","0","0","44,010","0","0","28,332","0","0","361","0","0"
"2024 Presidential Election","WESTMORELAND","Attorney General","Statewide","Republican","DAVE SUNDAY","128,070","0","0","103,362","0","0","24,149","0","0","559","0","0"
"2024 Presidential Election","WESTMORELAND","Attorney General","Statewide","Libertarian","ROBERT COWBURN","2,958","0","0","2,459","0","0","475","0","0","24","0","0"
"2024 Presidential Election","WESTMORELAND","Attorney General","Statewide","Green Party","RICHARD L WEISS","1,333","0","0","1,017","0","0","312","0","0","4","0","0"
"2024 Presidential Election","WESTMORELAND","Attorney General","Statewide","Constitution Party","JUSTIN L MAGILL","1,182","0","0","975","0","0","202","0","0","5","0","0"
"2024 Presidential Election","WESTMORELAND","Attorney General","Statewide","Forward Party","ERIC L SETTLE","439","0","0","293","0","0","139","0","0","7","0","0"
"2024 Presidential Election","WESTMORELAND","Auditor General","Statewide","Democratic","MALCOLM KENYATTA","68,759","0","0","41,299","0","0","27,112","0","0","348","0","0"
"2024 Presidential Election","WESTMORELAND","Auditor General","Statewide","Republican","TIM DEFOOR","129,421","0","0","103,976","0","0","24,883","0","0","562","0","0"
"2024 Presidential Election","WESTMORELAND","Auditor General","Statewide","Libertarian","REECE SMITH","3,824","0","0","3,073","0","0","721","0","0","30","0","0"
"2024 Presidential Election","WESTMORELAND","Auditor General","Statewide","American Solidarity Party","ERIC K ANTON","627","0","0","492","0","0","132","0","0","3","0","0"
"2024 Presidential Election","WESTMORELAND","Auditor General","Statewide","Constitution Party","BOB GOODRICH","1,571","0","0","1,263","0","0","297","0","0","11","0","0"
"2024 Presidential Election","WESTMORELAND","State Treasurer","Statewide","Democratic","ERIN MCCLELLAND","68,258","0","0","40,755","0","0","27,162","0","0","341","0","0"
"2024 Presidential Election","WESTMORELAND","State Treasurer","Statewide","Republican","STACY GARRITY","131,023","0","0","105,939","0","0","24,530","0","0","554","0","0"
"2024 Presidential Election","WESTMORELAND","State Treasurer","Statewide","Libertarian","NICKOLAS CIESIELSKI","3,437","0","0","2,810","0","0","597","0","0","30","0","0"
"2024 Presidential Election","WESTMORELAND","State Treasurer","Statewide","Constitution Party","TROY BOWMAN","1,242","0","0","1,023","0","0","212","0","0","7","0","0"
"2024 Presidential Election","WESTMORELAND","State Treasurer","Statewide","Forward Party","CHRIS FOSTER","676","0","0","456","0","0","210","0","0","10","0","0"
"2024 Presidential Election","WESTMORELAND","Representative in Congress","12th Congressional District","Democratic","SUMMER LEE","22,854","0","0","13,064","0","0","9,659","0","0","131","0","0"
"2024 Presidential Election","WESTMORELAND","Representative in Congress","12th Congressional District","Republican","JAMES HAYES","46,267","0","0","36,619","0","0","9,426","0","0","222","0","0"
"2024 Presidential Election","WESTMORELAND","Representative in Congress","14th Congressional District","Democratic","CHRIS DZIADOS","47,986","0","0","29,371","0","0","18,380","0","0","235","0","0"
"2024 Presidential Election","WESTMORELAND","Representative in Congress","14th Congressional District","Republican","GUY RESCHENTHALER","87,992","0","0","71,546","0","0","16,105","0","0","341","0","0"
"2024 Presidential Election","WESTMORELAND","Senator in the General Assembly","39th Senatorial District","Republican","KIM WARD","122,605","0","0","94,835","0","0","27,246","0","0","524","0","0"
"2024 Presidential Election","WESTMORELAND","Senator in the General Assembly","41st Senatorial District","Republican","JOE PITTMAN","36,527","0","0","29,853","0","0","6,526","0","0","148","0","0"
"2024 Presidential Election","WESTMORELAND","Representative in the General Assembly","55th Legislative District","Democratic","DAVON MAGWOOD","12,535","0","0","7,194","0","0","5,242","0","0","99","0","0"
"2024 Presidential Election","WESTMORELAND","Representative in the General Assembly","55th Legislative District","Republican","JILL COOPER","26,389","0","0","20,375","0","0","5,897","0","0","117","0","0"
"2024 Presidential Election","WESTMORELAND","Representative in the General Assembly","56th Legislative District","Republican","BRIAN RASEL","32,092","0","0","25,108","0","0","6,848","0","0","136","0","0"
"2024 Presidential Election","WESTMORELAND","Representative in the General Assembly","57th Legislative District","Republican","ERIC NELSON","29,981","0","0","22,629","0","0","7,240","0","0","112","0","0"
"2024 Presidential Election","WESTMORELAND","Representative in the General Assembly","58th Legislative District","Democratic","CHERRI ROGERS","11,258","0","0","6,865","0","0","4,330","0","0","63","0","0"
"2024 Presidential Election","WESTMORELAND","Representative in the General Assembly","58th Legislative District","Republican","ERIC DAVANZO","25,276","0","0","21,111","0","0","4,060","0","0","105","0","0"
"2024 Presidential Election","WESTMORELAND","Representative in the General Assembly","59th Legislative District","Democratic","MARGIE ZELENAK","11,776","0","0","7,046","0","0","4,685","0","0","45","0","0"
"2024 Presidential Election","WESTMORELAND","Representative in the General Assembly","59th Legislative District","Republican","LESLIE ROSSI","27,202","0","0","22,135","0","0","4,962","0","0","105","0","0"
"2024 Presidential Election","WESTMORELAND","Representative in the General Assembly","60th Legislative District","Republican","ABBY MAJOR","11,709","0","0","9,531","0","0","2,130","0","0","48","0","0"
"2024 Presidential Election","WYOMING","President of the United States","Statewide","Democratic","KAMALA D HARRIS","4,680","0","0","2,939","0","0","1,719","0","0","22","0","0"
"2024 Presidential Election","WYOMING","President of the United States","Statewide","Republican","DONALD J TRUMP","10,222","0","0","8,560","0","0","1,623","0","0","39","0","0"
"2024 Presidential Election","WYOMING","President of the United States","Statewide","Libertarian","CHASE OLIVER","90","0","0","69","0","0","20","0","0","1","0","0"
"2024 Presidential Election","WYOMING","President of the United States","Statewide","Green Party","JILL STEIN","60","0","0","40","0","0","20","0","0","0","0","0"
"2024 Presidential Election","WYOMING","United States Senator","Statewide","Democratic","ROBERT P CASEY JR","4,750","0","0","3,035","0","0","1,690","0","0","25","0","0"
"2024 Presidential Election","WYOMING","United States Senator","Statewide","Republican","DAVE MCCORMICK","9,917","0","0","8,265","0","0","1,617","0","0","35","0","0"
"2024 Presidential Election","WYOMING","United States Senator","Statewide","Libertarian","JOHN C THOMAS","152","0","0","127","0","0","24","0","0","1","0","0"
"2024 Presidential Election","WYOMING","United States Senator","Statewide","Green Party","LEILA HAZOU","139","0","0","98","0","0","40","0","0","1","0","0"
"2024 Presidential Election","WYOMING","United States Senator","Statewide","Constitution Party","MARTY SELKER","58","0","0","44","0","0","14","0","0","0","0","0"
"2024 Presidential Election","WYOMING","Attorney General","Statewide","Democratic","EUGENE DEPASQUALE","4,378","0","0","2,776","0","0","1,580","0","0","22","0","0"
"2024 Presidential Election","WYOMING","Attorney General","Statewide","Republican","DAVE SUNDAY","10,069","0","0","8,349","0","0","1,685","0","0","35","0","0"
"2024 Presidential Election","WYOMING","Attorney General","Statewide","Libertarian","ROBERT COWBURN","197","0","0","166","0","0","30","0","0","1","0","0"
"2024 Presidential Election","WYOMING","Attorney General","Statewide","Green Party","RICHARD L WEISS","139","0","0","108","0","0","31","0","0","0","0","0"
"2024 Presidential Election","WYOMING","Attorney General","Statewide","Constitution Party","JUSTIN L MAGILL","70","0","0","48","0","0","20","0","0","2","0","0"
"2024 Presidential Election","WYOMING","Attorney General","Statewide","Forward Party","ERIC L SETTLE","28","0","0","19","0","0","9","0","0","0","0","0"
"2024 Presidential Election","WYOMING","Auditor General","Statewide","Democratic","MALCOLM KENYATTA","4,119","0","0","2,549","0","0","1,551","0","0","19","0","0"
"2024 Presidential Election","WYOMING","Auditor General","Statewide","Republican","TIM DEFOOR","10,130","0","0","8,407","0","0","1,686","0","0","37","0","0"
"2024 Presidential Election","WYOMING","Auditor General","Statewide","Libertarian","REECE SMITH","289","0","0","232","0","0","55","0","0","2","0","0"
"2024 Presidential Election","WYOMING","Auditor General","Statewide","American Solidarity Party","ERIC K ANTON","54","0","0","44","0","0","9","0","0","1","0","0"
"2024 Presidential Election","WYOMING","Auditor General","Statewide","Constitution Party","BOB GOODRICH","172","0","0","143","0","0","28","0","0","1","0","0"
"2024 Presidential Election","WYOMING","State Treasurer","Statewide","Democratic","ERIN MCCLELLAND","4,083","0","0","2,538","0","0","1,525","0","0","20","0","0"
"2024 Presidential Election","WYOMING","State Treasurer","Statewide","Republican","STACY GARRITY","10,375","0","0","8,601","0","0","1,736","0","0","38","0","0"
"2024 Presidential Election","WYOMING","State Treasurer","Statewide","Libertarian","NICKOLAS CIESIELSKI","194","0","0","156","0","0","37","0","0","1","0","0"
"2024 Presidential Election","WYOMING","State Treasurer","Statewide","Constitution Party","TROY BOWMAN","107","0","0","81","0","0","25","0","0","1","0","0"
"2024 Presidential Election","WYOMING","State Treasurer","Statewide","Forward Party","CHRIS FOSTER","43","0","0","35","0","0","8","0","0","0","0","0"
"2024 Presidential Election","WYOMING","Representative in Congress","9th Congressional District","Democratic","AMANDA WALDMAN","4,379","0","0","2,760","0","0","1,596","0","0","23","0","0"
"2024 Presidential Election","WYOMING","Representative in Congress","9th Congressional District","Republican","DAN MEUSER","10,409","0","0","8,631","0","0","1,741","0","0","37","0","0"
"2024 Presidential Election","WYOMING","Representative in the General Assembly","110th Legislative District","Republican","TINA PICKETT","13,100","0","0","10,428","0","0","2,618","0","0","54","0","0"
"2024 Presidential Election","YORK","President of the United States","Statewide","Democratic","KAMALA D HARRIS","91,926","0","0","55,238","0","0","35,072","0","0","1,616","0","0"
"2024 Presidential Election","YORK","President of the United States","Statewide","Republican","DONALD J TRUMP","154,884","0","0","125,588","0","0","27,601","0","0","1,695","0","0"
"2024 Presidential Election","YORK","President of the United States","Statewide","Libertarian","CHASE OLIVER","1,422","0","0","1,121","0","0","286","0","0","15","0","0"
"2024 Presidential Election","YORK","President of the United States","Statewide","Green Party","JILL STEIN","978","0","0","675","0","0","278","0","0","25","0","0"
"2024 Presidential Election","YORK","United States Senator","Statewide","Democratic","ROBERT P CASEY JR","91,779","0","0","55,794","0","0","34,416","0","0","1,569","0","0"
"2024 Presidential Election","YORK","United States Senator","Statewide","Republican","DAVE MCCORMICK","148,098","0","0","119,596","0","0","26,943","0","0","1,559","0","0"
"2024 Presidential Election","YORK","United States Senator","Statewide","Libertarian","JOHN C THOMAS","4,641","0","0","3,714","0","0","861","0","0","66","0","0"
"2024 Presidential Election","YORK","United States Senator","Statewide","Green Party","LEILA HAZOU","2,255","0","0","1,585","0","0","608","0","0","62","0","0"
"2024 Presidential Election","YORK","United States Senator","Statewide","Constitution Party","MARTY SELKER","1,155","0","0","878","0","0","254","0","0","23","0","0"
"2024 Presidential Election","YORK","Attorney General","Statewide","Democratic","EUGENE DEPASQUALE","85,102","0","0","51,724","0","0","31,881","0","0","1,497","0","0"
"2024 Presidential Election","YORK","Attorney General","Statewide","Republican","DAVE SUNDAY","154,428","0","0","123,423","0","0","29,392","0","0","1,613","0","0"
"2024 Presidential Election","YORK","Attorney General","Statewide","Libertarian","ROBERT COWBURN","3,822","0","0","3,184","0","0","579","0","0","59","0","0"
"2024 Presidential Election","YORK","Attorney General","Statewide","Green Party","RICHARD L WEISS","1,857","0","0","1,373","0","0","436","0","0","48","0","0"
"2024 Presidential Election","YORK","Attorney General","Statewide","Constitution Party","JUSTIN L MAGILL","1,349","0","0","1,097","0","0","226","0","0","26","0","0"
"2024 Presidential Election","YORK","Attorney General","Statewide","Forward Party","ERIC L SETTLE","451","0","0","282","0","0","162","0","0","7","0","0"
"2024 Presidential Election","YORK","Auditor General","Statewide","Democratic","MALCOLM KENYATTA","81,099","0","0","48,602","0","0","31,052","0","0","1,445","0","0"
"2024 Presidential Election","YORK","Auditor General","Statewide","Republican","TIM DEFOOR","154,074","0","0","123,041","0","0","29,445","0","0","1,588","0","0"
"2024 Presidential Election","YORK","Auditor General","Statewide","Libertarian","REECE SMITH","5,668","0","0","4,598","0","0","977","0","0","93","0","0"
"2024 Presidential Election","YORK","Auditor General","Statewide","American Solidarity Party","ERIC K ANTON","655","0","0","511","0","0","130","0","0","14","0","0"
"2024 Presidential Election","YORK","Auditor General","Statewide","Constitution Party","BOB GOODRICH","2,598","0","0","2,086","0","0","471","0","0","41","0","0"
"2024 Presidential Election","YORK","State Treasurer","Statewide","Democratic","ERIN MCCLELLAND","79,607","0","0","47,082","0","0","31,109","0","0","1,416","0","0"
"2024 Presidential Election","YORK","State Treasurer","Statewide","Republican","STACY GARRITY","156,339","0","0","124,945","0","0","29,785","0","0","1,609","0","0"
"2024 Presidential Election","YORK","State Treasurer","Statewide","Libertarian","NICKOLAS CIESIELSKI","3,964","0","0","3,233","0","0","664","0","0","67","0","0"
"2024 Presidential Election","YORK","State Treasurer","Statewide","Constitution Party","TROY BOWMAN","1,917","0","0","1,544","0","0","332","0","0","41","0","0"
"2024 Presidential Election","YORK","State Treasurer","Statewide","Forward Party","CHRIS FOSTER","775","0","0","516","0","0","245","0","0","14","0","0"
"2024 Presidential Election","YORK","Representative in Congress","10th Congressional District","Democratic","JANELLE STELSON","55,271","0","0","33,450","0","0","20,854","0","0","967","0","0"
"2024 Presidential Election","YORK","Representative in Congress","10th Congressional District","Republican","SCOTT PERRY","68,545","0","0","53,921","0","0","13,844","0","0","780","0","0"
"2024 Presidential Election","YORK","Representative in Congress","11th Congressional District","Democratic","JIM ATKINSON","37,174","0","0","22,536","0","0","14,058","0","0","580","0","0"
"2024 Presidential Election","YORK","Representative in Congress","11th Congressional District","Republican","LLOYD K SMUCKER","83,048","0","0","68,255","0","0","14,006","0","0","787","0","0"
"2024 Presidential Election","YORK","Senator in the General Assembly","31st Senatorial District","Democratic","MARK TEMONS","35,322","0","0","20,880","0","0","13,766","0","0","676","0","0"
"2024 Presidential Election","YORK","Senator in the General Assembly","31st Senatorial District","Republican","DAWN KEEFER","60,902","0","0","47,874","0","0","12,354","0","0","674","0","0"
"2024 Presidential Election","YORK","Representative in the General Assembly","47th Legislative District","Democratic","EDWARD RITTER","13,201","0","0","7,641","0","0","5,382","0","0","178","0","0"
"2024 Presidential Election","YORK","Representative in the General Assembly","47th Legislative District","Republican","JOE D'ORSIE","22,322","0","0","17,104","0","0","4,989","0","0","229","0","0"
"2024 Presidential Election","YORK","Representative in the General Assembly","92nd Legislative District","Democratic","DAN ALMONEY","11,710","0","0","6,341","0","0","5,211","0","0","158","0","0"
"2024 Presidential Election","YORK","Representative in the General Assembly","92nd Legislative District","Republican","MARC ANDERSON","27,938","0","0","22,324","0","0","5,346","0","0","268","0","0"
"2024 Presidential Election","YORK","Representative in the General Assembly","93rd Legislative District","Republican","MIKE JONES","29,780","0","0","23,248","0","0","6,190","0","0","342","0","0"
"2024 Presidential Election","YORK","Representative in the General Assembly","94th Legislative District","Republican","WENDY FINK","27,766","0","0","21,795","0","0","5,675","0","0","296","0","0"
"2024 Presidential Election","YORK","Representative in the General Assembly","95th Legislative District","Democratic","CAROL HILL-EVANS","12,812","0","0","8,726","0","0","3,731","0","0","355","0","0"
"2024 Presidential Election","YORK","Representative in the General Assembly","95th Legislative District","Republican","JASMINE RIVERA","8,852","0","0","6,970","0","0","1,675","0","0","207","0","0"
"2024 Presidential Election","YORK","Representative in the General Assembly","169th Legislative District","Republican","KATE A KLUNK","30,234","0","0","23,791","0","0","6,114","0","0","329","0","0"
"2024 Presidential Election","YORK","Representative in the General Assembly","196th Legislative District","Republican","SETH M GROVE","30,637","0","0","23,604","0","0","6,730","0","0","303","0","0"
